date,B1,B2,B3,B4,S1,S2,S3,S4,I1,I2,I3,I4
2014-01-03,-0.022747882429566095,-0.017562158208771498,-0.008568112526252636,-0.012009335105378775,0.0028091829103637613,-0.00026692595488390144,0.003289827316614085,-0.0075128655692433205,-0.03393113199026061,0.002304678952939958,0.0009191964110686602,0.005126867706491872
2014-01-10,0.009690146804178524,0.008378353719123818,0.019125249723595198,0.023324257450063626,0.01983130128269329,0.0037178665196822176,0.018431865028940755,0.010400138258696479,0.01570028568386892,-0.006612024640067889,0.015403614906034927,0.012368050369762748
2014-01-17,0.0006966671254079162,0.0023011553429128436,-0.010855968089261637,0.005784067074199332,0.0009089820529689673,-0.024786009370981476,-0.015052427665449206,0.003650500724441074,0.0013144842585557143,-0.004366179353893802,0.00097354828689803,0.00412243063214624
2014-01-24,-0.018324609095518245,-0.006294502293367026,-0.006043268019066213,-0.011845049927441618,0.0053441005554386144,-0.01552755807726702,-0.016657594922764193,0.011329253974214679,-0.02395280864709139,-0.020036116351031988,-0.012965326064013086,-0.0002106092300100342
2014-01-31,-0.0015023871249078677,-0.022350139308067722,-0.015668024431778605,-0.017706835218568674,-0.007303762522179761,-0.004049722467497092,-0.016906198565520225,-0.010048490590179395,-0.009444714764724617,-0.038837912067604514,-0.00994578968119452,-0.018279237077034678
2014-02-07,-0.00520503924620007,-0.0007889188291204522,-0.021674147097534728,-0.0012200643408739828,-0.005947503156128371,-0.026773672445632966,-0.00494413777697701,-0.01194789844708834,-0.006718292134446209,-0.007170912595341192,-0.0007227946118396134,-0.034832962188506685
2014-02-14,0.00045603091937054124,0.001493234487035016,-0.005271322025370044,0.00365163591837332,-0.0008797886961219071,-0.007980699091271559,-0.03408235781677832,0.0016538181234076405,-0.005220275844589837,-0.006415994331044259,-0.009934368127623466,-0.0006680818713236626
2014-02-21,-0.003497192894667006,-0.0049524800853019265,0.005486548013476013,0.031320961157271496,-0.012464382551638004,0.0015194645658730276,0.05183363009316538,-0.017167582887125346,-0.0031156033578035943,0.004104268473629098,-0.017080783609743536,-0.001226605158523212
2014-02-28,0.016290635953502074,0.0005201956539877465,0.00212427553660427,0.0012963143236387332,0.004670347277996619,0.009420953617628701,0.017991642344902387,-0.010520178487037818,-0.006981904261220425,0.0019896849008537196,0.008616677575702343,-0.0008136272132136855
2014-03-07,0.020163547962767835,0.033771468792595655,0.01852452650847438,0.029730134622294884,0.004184356573851061,0.01458862829691147,0.00721190002939171,0.03882104762700707,0.0219828507974498,0.01574288511413481,0.011128580998041331,0.00753295181296414
2014-03-14,-0.02155094368002479,0.02096320302279533,0.008288728810509778,-0.016383978561686233,0.00035125781446673543,0.00789405072511817,-0.004615803518659523,0.009722948198565187,-0.005670372452024654,0.0017457752281951615,-0.006175428600201309,-0.01172443978849262
2014-03-21,-0.006368169235576733,-0.012194205078959113,-0.0057306327845502505,-0.0021779606313317174,0.019986974252669206,0.034354843502220456,0.020481039664367755,0.03084067017134528,0.01418134754418798,0.03298664496380999,0.002480776467916293,0.02249531756092384
2014-03-28,0.008557677082384803,-0.00101065788779431,-0.019161506531464163,-0.008430235654567502,-0.0016349674958557304,-0.006600492772849636,0.005857522663825052,-0.0093397825968902,-0.007541588041455745,-0.013145615391465238,-0.006599186867920276,0.0008973773894321287
2014-04-04,0.00700334232611063,0.013045489665844479,0.02063240888331499,0.011055621123431253,0.045963694379487205,0.010715983065787823,0.009429091250426952,0.004894681135871777,0.005286631282312684,0.009856404974298507,0.0262590453461407,-0.0018065255761234315
2014-04-11,0.003917622462786301,-0.0003903830868195394,-0.00911021434580872,0.0018876447158036763,0.0018990560420932426,0.0006540046370200399,-0.00040425447375268015,-0.006495099000357974,-0.01079825849118599,-0.05225259581619103,-0.00627069726570821,-0.003149131707171949
2014-04-18,0.005847814666979339,0.006970167303109498,0.0020217250846646974,0.005303826851756669,0.010904529154982053,0.032598272694124894,0.00039636544705516457,0.015954927879875878,-0.007180753186827323,0.0011849906311169542,-0.0018613603584009802,-0.0031905253694368657
2014-04-25,-0.0012150313261952866,0.008881487903418422,-0.002120211100985335,0.0009789714922252102,0.02159661187580399,0.012096831472195103,-0.005845700342749753,0.006164262799524395,0.026623485585997815,0.013212265984504387,0.01724697458611801,0.0010411287371573882
2014-05-02,0.008515985552617053,0.01316700468755959,0.015611320164626862,0.019963873203374588,0.01858019297743762,0.0289230276967213,0.008848802452072951,0.004607125752428149,-0.005711397106769798,0.02231929381492511,0.014865868000999405,0.030021680374967462
2014-05-09,0.0009606548522581433,-0.0028714995221487483,0.02043843776209725,0.0027647361077155993,-0.01116632148312259,-0.004564276369927714,-0.007948329710636208,0.002982226880534046,-0.00923855632327876,-0.014742722139940947,-0.009611937234617897,-0.015999390690543187
2014-05-16,-0.0020229028787129002,-0.009804108293252038,-0.00813535073552517,0.0032193158958716164,-0.003007035729130854,-0.021116865657058757,-0.003364525695199652,-0.0038362696093692385,0.029233160763574583,-0.006002965863366342,0.021374901904955772,0.007617954752160542
2014-05-23,0.007965132522134412,0.02848623986082354,0.01641142373498515,0.009786127290050187,0.013683574621486908,0.006435201020587104,-0.011227034999400424,0.004917072572787803,0.010993552427736062,-0.004986384002687281,-0.0012584116475160647,0.010396563593920122
2014-05-30,-0.020635391910217554,-0.023743823921695825,-0.011524830971240282,0.011893261691285715,-0.01794485137893437,-0.018354809871073137,-0.00855508938435024,-0.01216596729701108,0.010044532259324458,-0.004741193207513069,-0.005325792827006561,0.007222187715504128
2014-06-06,0.014083604828747884,-0.021971299361953765,-0.035949939638677764,0.004757800069717995,-0.03278162301924604,-0.032952270137498955,-0.02997974098729586,-0.007010529174176558,-0.011905924419341971,-0.03723284416685161,-0.0021795376089666025,-0.0057230123979555535
2014-06-13,0.021265750746031497,5.789995919266424e-05,-0.0025254123610422737,0.018393172007014992,-0.014909772639667543,-0.04833005411277202,-0.05509701038628881,-0.007404594832159289,-0.002065214294049685,0.027497058655021615,-0.014689377601190969,-0.0016895207358149597
2014-06-20,-0.024656008422210107,-0.013799927901097814,-0.0028368062784901475,-0.00032355629778605256,-0.024520907302338243,-0.04585122781830154,-0.06741443704372702,-0.03744007745732625,-0.01848899655178274,-0.07265757488098909,-0.04728039030588409,-0.01467827334676265
2014-06-27,-0.013615526507476718,-0.03011367213401282,0.018375151243497864,0.003165678259385959,-0.009734251771716211,-0.033921531106675784,-0.06270812040179838,-0.005131715100162243,-0.0146872150850645,-0.014482991587649957,-0.039523529706649775,-0.011539270907831675
2014-07-04,0.00043084407131841244,-0.00864146025935535,-0.029839093899153193,-0.048248767201349727,-0.009787421031401377,-0.04046092714589289,-0.046294342490427985,-0.013423357067971776,-0.017421539829594306,-0.048121332071769024,-0.04232899149188414,-0.0034984593133881173
2014-07-11,-0.00749622385830667,-0.01047879665334602,-0.013464846877623324,-0.011548463024684649,-0.005162796415388417,-0.010216419504590601,-0.062225050497999854,-0.00640015337822998,-0.005923460816880027,-0.04685743767475191,-0.026558814783216776,-0.010696868192223371
2014-07-18,-0.011769991261617168,-0.0156365594423882,-0.005428474621292867,-0.01380286843951894,2.3977344665882102e-05,0.0020308306615881766,-0.0036060329686582147,0.0025939673465422194,-0.019176999174841693,-0.019333718442522678,-0.04372131538344229,-0.02480734818033699
2014-07-25,-0.010687516122449472,-0.03112603552314526,-0.03686808081139649,-0.013405627070189847,-0.01421047327934266,-0.019024103012944545,-0.02084323147635182,-0.011260747869809757,-0.014499128858189214,-0.026016881950170108,-0.017472959674183112,-0.0194582895212578
2014-08-01,0.005532798594237741,-0.008276350287103535,-0.02456613828530016,-0.0008747126242125438,-0.0048294075496277695,-0.04516589878637853,-0.04067807258057172,0.015264964130730904,0.011125786606993598,-0.037856651122711846,-0.02121041843651593,-0.0072750470153952595
2014-08-08,-0.03718804959945164,-0.05722227750256449,-0.05013783767950925,-0.049387937929875,-0.05610351984524916,-0.06712427629396572,-0.07751016041892697,-0.034910377133260985,-0.04152410293070127,-0.09127165451015373,-0.07727402414049506,-0.033004552424281505
2014-08-15,-0.03703379574574421,-0.05263691197834748,-0.06745857824458276,-0.0068801468434690795,0.010831198866878899,-0.11388469107798822,-0.11030371594826097,-0.004571166572726533,-0.011747413403797619,-0.08884766289916624,-0.05390786680811757,-7.544995491372752e-05
2014-08-22,-0.00763582347630717,-0.040919050996451004,-0.05332299655492069,0.03039508301148871,-0.005315538118913314,-0.05037701291828511,-0.1493670659777566,0.002126491299438722,0.013878205765930952,-0.11241508813229409,-0.06893859977903347,0.010611531129119193
2014-08-29,-0.013495832434354876,-0.025044584072212068,-0.05534540583191143,-0.021947174144872822,-0.03694486207811591,-0.055812798751321224,-0.11160480397358866,-0.02483409134873965,-0.019506299002712228,-0.060269526628564246,-0.11395891718170068,0.028632406304143695
2014-09-05,-0.012372778487990174,-0.01569806081124598,-0.015616337032546383,-0.0034528066893228975,-0.005139356843154329,-0.04872006939209776,-0.0782497305429933,-0.009171038235696077,0.008185700752197793,-0.06008385610123688,-0.07802590989227834,0.004073794000806812
2014-09-12,0.0160893053062505,-0.023254414666862247,-0.023243634717116733,0.005318811428896454,0.005286240735992418,-0.012335557292473875,-0.045785257540094285,0.010347509212205876,-0.0010806897241700715,-0.04164191739665538,-0.036043871935660506,-0.013005991907290123
2014-09-19,0.011397962508155116,0.019167347948758608,-0.004766972010969168,0.019458111806947162,0.01977695896207378,-0.012697555036018151,-0.006829650927204931,0.02130262346337507,0.022229789122744793,0.023545969372291878,-0.001141337818644731,0.027875726885219825
2014-09-26,-0.0011549590364253205,0.007455604758468383,0.007584580983589977,-0.005633042710975929,0.01732767019666838,0.007929260392301235,0.00916730118970264,0.003964455688784031,0.012481992494894957,-0.004105009497842642,0.012753793916015744,-0.0047555699187209815
2014-10-03,0.03008968718996138,0.026420932932630464,0.007152846115176809,0.011482594487522604,0.020764163303844698,0.02488857881656744,0.03772894281631098,0.02720127423578665,0.03103336176704898,0.046399681601626094,0.03548774431780226,0.0237534898465338
2014-10-10,-0.004522088162832219,0.009870847991521497,0.006541621389180778,0.011392395008384711,0.010478041268569094,0.017251353295360997,0.012279196850063952,0.010632886720593766,0.003951954075392037,0.014616038605882184,0.021312098169281566,0.0033589870784758993
2014-10-17,0.0055811030555922535,-0.013840755667861814,0.0016490462766513177,0.0520891063593687,-0.0011265592682648342,-0.00305428272279414,-0.010748745234640204,-0.010672540442345843,-0.0018915754111924372,-0.020595419299185836,-0.01902978505135456,-0.021198315241737
2014-10-24,0.015054607647375935,0.011210516688582257,-0.005105617281653544,0.01860755622723955,0.003760194374862315,0.0007933890046415547,0.0019812582870859835,0.011817290317109468,0.003706879430763552,-0.0005410955670085251,-0.005377908251825206,-0.020696250468891925
2014-10-31,0.011343852928899511,0.021241034964817752,0.0155963789457587,0.02167514639103374,0.02998201157290743,0.01030844951140034,0.01662411502080044,-0.006137966896815691,0.011854856062970069,0.011820434141721256,0.01180349712046325,0.010910162203772902
2014-11-07,-0.014066800706201105,-0.036986223523162845,-0.022483210324454734,-0.050132217631989724,-0.029362868403795126,-0.022761400995926186,-0.027186825040044986,-0.024779815348478985,-0.024419178128382298,-0.039410533081237265,-0.0331248126196839,-0.034717613901122824
2014-11-14,-0.0031476396044532217,-0.02489123338283762,-0.05742320127473971,-0.02060322937440881,-0.034753733555063636,-0.07840355435559554,-0.054334447127345,-0.011464970431283575,-0.03725992707389921,-0.046032159820340326,-0.04642135549095359,-0.018539009950771616
2014-11-21,-0.01736426757214628,0.01131564034299201,-0.027794972515946634,-0.015124911252483504,0.013733855705188374,-0.047493223903886696,-0.10111355744086023,0.0027370329858111037,0.002929208443290412,-0.07887850233474603,-0.02631103244539739,0.020576723011184912
2014-11-28,-0.022695481906579214,-0.021672632031664613,-0.02627909553387577,-0.011393768164490493,-0.01776066441738203,-0.016462432122920135,-0.05785437350805854,-0.00853286258770577,-0.022951990419995728,-0.03520655225965635,-0.08243028962428518,-0.0029916830603171638
2014-12-05,0.0020207216181506514,-0.02166454217939115,-0.0028413298920644536,0.010460526861060674,0.0039154217231450565,-0.0034745281622397244,-0.003905061379445296,0.00696298692475367,0.004520665846897232,-0.030206899810949175,-0.03218373554821821,-0.0012047136931381459
2014-12-12,0.006508976670459322,-0.0013878239718991994,-0.0012327891529857818,0.004405389117785381,-0.0034254381595775238,-0.008241132191077654,-0.010326161876328156,-0.005393317051385289,0.0012859636080794841,0.013894297067239738,-0.0027336237632975117,0.018685478143112347
2014-12-19,0.010704567810051004,0.0045706411043373975,0.0065483304848042755,0.011271348237330631,0.009159555431209162,-0.0016915004301603829,-0.002497389968204217,-0.0032030477934468717,-0.01066922125446914,-0.0061997509271754445,0.0008079231554523917,0.00355175832521066
2014-12-26,0.002502180436451693,-0.007980064558416154,0.00224972931317271,0.007915012392374464,0.014807896144872781,-0.01683442628320763,0.01857897419335789,0.0009144334631275778,0.009794189298723551,-0.009927690576356559,-0.009014814097301541,-0.005522135411337807
2015-01-02,0.022306904167288283,0.007879194545469136,0.007566728971623758,0.025565692548917968,0.0008358750883774272,-0.0032129913366456824,-0.000295367215832178,0.008932939209748714,0.015772814791834813,0.015138886585076478,0.015769891850821647,0.008059028055542277
2015-01-09,-0.0155965470406658,-0.014876969327378038,-0.019100984416215324,-0.027236092427384614,-0.0156347937850137,-0.013120638447796084,-0.0062216827496284766,-0.0011830364395723136,-0.02807421285466047,-0.023990713899274107,0.0016854077672871293,-0.0028016134476865997
2015-01-16,0.003780700350958287,0.011963052056218466,-0.0053450517041449775,-0.001587777762923763,0.010119645682695409,0.0033452881346274204,0.0012828927640070337,0.012280877659710265,-0.0004602186448839818,-0.042757896096288106,0.0007259654331082303,-0.0042837355642576565
2015-01-23,-0.002818417211821811,-0.007888785236501753,-0.011522238982473343,-0.010502216448176643,0.00961693184228568,-0.015763379046333972,0.004335725769867529,-0.009848842644831539,0.015104466786834999,4.199080107965703e-06,-0.0036891141189873086,0.015917643005766393
2015-01-30,0.006474306969974252,-0.002073005514706816,0.0040645992354921175,-0.01413190742838388,0.003930731083233248,-0.007254222291278908,0.0023913442310522165,0.005202719159392025,0.0057929157862783975,-0.030523709225009257,0.0069084594759316,0.006244100737041014
2015-02-06,0.0028503102196612484,0.009057115739450101,0.017228645234846122,0.01671865084328453,0.02408182360432322,0.019612466386618895,0.011994089047095521,0.027851518731412818,0.009539062752479868,0.013601658193728458,0.02535833119480247,0.0059571725873170155
2015-02-13,0.010171469088371436,-0.010669857356267541,-0.0015705105616520831,-0.016337413863441872,-0.0055084810893416694,0.006403927986809376,-0.010256264364711257,-0.0022644134840377767,-0.015553565376400015,-0.0129873239700426,-0.00032560955141447846,0.02715182035487117
2015-02-20,-0.004190565197508402,-0.012306228876729726,-0.010046574272074171,-0.009837459904147016,-0.02201422124997132,-0.005902017751722345,-0.014897207106980795,-0.022148463817159368,-0.008699371671173985,-0.01287955533861516,-0.0050091505728824615,0.010093103539338465
2015-02-27,-0.012202360253286465,0.01655062179658542,0.001573934356732823,-0.007736757117456758,0.0006473653371400117,-0.024113825167321985,0.0007183708229937928,0.0005953152091337541,-0.009745511776269129,-0.006523967590691341,-0.01674859835876159,-0.002267151573262332
2015-03-06,0.009919171755821311,0.004521411660793384,0.012248805354388355,0.013907866286222589,0.006672805550378417,-0.003810403760727476,-0.014840553219414618,0.0019688453694893925,-0.0065317489101492906,-0.008125103431855999,-0.0017062470095081709,0.007282788623875177
2015-03-13,0.01121776570837658,0.0014443813325424508,0.003907825113198968,0.012706198186001938,-0.00015542900279347986,0.003541815387315945,0.02630889491789804,0.012452951703930097,0.013395932835033333,0.00607927460374395,-0.0011791921367345151,0.02349125141368137
2015-03-20,-0.006095272258168725,-0.01380787942074225,-0.002096054638783482,-0.0042616397425373174,-0.013988613725764595,-0.009976375498184866,-0.004837914448446664,-0.003231699839639294,0.004848134832007298,0.020150130617673397,0.0003798612316655265,0.0035002567408002686
2015-03-27,0.014660201221137027,-0.0083358784652771,0.009767890666262009,0.009145632673235374,0.0012800133985717839,-0.013339690836346006,-0.019741751001682416,-0.01427136570468739,-0.0032026957041770914,-0.014047791095936426,0.002999233188280918,-0.002562759337516225
2015-04-03,-0.014907195687675168,-0.03389346061845403,-0.03175469372076066,-0.030223144776954532,-0.041128957246287526,-0.03746466298770994,-0.02867800708852159,-0.023086681197821615,-0.023626014844603544,-0.0240922540084375,-0.027493933769433647,-0.019659933340731097
2015-04-10,-0.022314374750454176,-0.010967097300397913,-0.030467250792094787,-0.01323084344701123,-0.018274345518357216,-0.06987260345703064,-0.03812305163930069,-0.013217494229391882,-0.00018775777674980032,0.004369367282965612,-0.021467162966606862,-0.0033182590576790127
2015-04-17,0.0002766882136140652,-0.02551081497131886,-0.032440131318258666,0.006585279923020175,0.05161876207443167,-0.014279467562357089,-0.07762048867740012,-0.004446687675713289,0.018198255158062816,-0.04902200745161877,-0.020715214792970817,-0.01724696925373327
2015-04-24,-0.014289080802625372,-0.009118625154317541,-0.025587744509959535,-0.01650193828472331,-0.014681980353570465,-0.020532744364045202,-0.038013208593934304,-0.015164959133085744,0.004225311021127917,-0.017342602300847523,-0.04945437071877437,0.0040821250083752075
2015-05-01,0.011232734077146431,-0.007379574670130078,-0.018173792852757463,0.0038726161958251037,0.003810869110650722,-0.00554382397275963,-0.04157810720541766,0.001951752958009311,0.00998420762195086,-0.007987694167358823,-0.025937397983098288,-0.014832387474083464
2015-05-08,-0.005941249524912424,-0.005804659192707763,-0.0032645162179803042,-0.011534298115069777,-0.02064675273955346,-0.020018138894124498,-0.030216273941221873,-0.014341479494061077,-0.0013204898191897254,-0.0014581867073348866,-0.01886565420292703,-0.011226765388366158
2015-05-15,-0.026826501945282036,-0.04370866880979916,-0.042725243085014214,-0.029341886702082248,0.002547720734605112,-0.022732240033470477,-0.014485547821855488,-0.0028626498122783523,-0.013211430419892404,-0.032294381461168004,-0.0288891542140282,-0.009590716982804453
2015-05-22,-0.002186659580320832,-0.028566223634870505,-0.04026218830997823,-0.003835126197818544,-0.006324420987673356,-0.04740726122729796,-0.0463132980374873,-0.018367255439709497,-0.013454740537607514,-0.03829074591213965,-0.008882664142999156,-0.0035785346137727197
2015-05-29,-0.03706976910209038,-0.015101284988068309,-0.05578915747802867,-0.021968288187378573,-0.034035118673347874,-0.048061385243284585,-0.07314732829349521,-0.010007702838359465,-0.02774490158414806,-0.055912549025773285,-0.02769365190465215,-0.008874372746477358
2015-06-05,-0.019344812571904128,-0.051192694210086945,-0.029213235010871377,-0.01707625809047838,-0.011043899165796501,-0.04530294792370169,-0.07716471042008571,-0.006751216231781709,-0.01815651856721371,-0.061282312519190626,-0.06413183892043983,-0.013567637515453283
2015-06-12,-0.022034788543452862,-0.01721883473800776,-0.05867963895401737,-0.01617420573830134,-0.008320508085511769,-0.03867122237899408,-0.05249427234177771,-0.0016989447889652607,-0.019210917703676646,-0.06258246758607511,-0.0743952810245688,-0.013350672405107645
2015-06-19,-0.005669653035920538,-0.02514463360139101,-0.034450614951492486,-0.011231430722342018,-0.018227225158275243,-0.030657181798742834,-0.06926651653550833,-0.015131797822256838,-0.0031953055831313265,-0.06269078774442848,-0.03941375957369028,-0.004523329159868295
2015-06-26,0.006342570989202218,0.0010679424428301962,0.014646760384541681,-0.027247030160298617,0.002666660184586616,-0.03635088301157174,-0.05448683302163412,0.007912319950166084,-0.0013300422339606202,-0.018801766861290408,-0.028412868147798975,0.006882466828792131
2015-07-03,0.02573274077828084,0.055871763948512974,0.04001030728173724,0.043380172552546975,0.028712617591545423,0.019736102657125477,-0.022271425522320858,0.029566500704987304,0.021323407491548593,0.007393229360597196,-0.006640441030409568,0.013468117800541538
2015-07-10,0.012475827022001777,0.017487312351715335,0.01508651570954481,0.01114706237478684,0.008114753341537884,0.01818169315168704,-0.014935569826065717,0.003420013552210154,0.011471720643274595,0.006338858552466482,0.00746661957677822,0.0032909692005363552
2015-07-17,0.02505235777700747,0.02330109313377494,0.02944201058623033,0.017693300338802644,0.01868688366278499,0.0064669463862482065,0.005975206044082664,0.009275815562991629,0.01795153650883506,0.013790874785480243,0.026840557000229373,0.016783600334352822
2015-07-24,-0.008711257170634118,-0.009655281658292637,-0.021879801127731247,-0.03951227523281603,-0.015032073766706679,-0.019852892817526318,-0.009079016986559808,-0.008484617866294257,-0.00937679481481377,-0.014332915583252196,-0.010531383359828311,-0.004214227691923258
2015-07-31,-7.528226385544062e-05,-0.015103732300664982,-0.005422119028140885,-0.005936715284995139,-0.06366519549992783,-0.007322402402760544,-0.02774930657501029,-0.0021616114819585667,-0.0018707578845056827,-0.011397639585479565,-0.011119789491530582,-0.011571472756372145
2015-08-07,-0.00279379071057206,-0.015212585507543994,0.00582863839154546,-0.007070787713611553,-0.027196782893834447,-0.08271893310508194,-0.0036033552320546814,0.00499034480636448,0.00968046078780083,0.01163310454348528,-0.002353554803147107,0.00044666349283630034
2015-08-14,-0.002666415672725985,-0.012872243658664646,-0.006371192163377975,-0.000377177529137975,-0.014575523693718081,-0.03447414581963873,-0.07789670692100115,-0.012323864528832652,-0.011247647823162564,-0.06641340047855505,-0.010146837172488083,0.01120184818842024
2015-08-21,-0.02271819999636643,-0.02307136259166723,-0.009027469615203752,-0.024402091471427963,-0.0072825952016641595,-0.009844110943700211,-0.03287343707547452,0.010964347529254872,-0.010974555471733106,-0.03289139268635169,-0.06963314570399866,0.01139767865240801
2015-08-28,-0.0020479560522780275,-0.026496139231777297,-0.0522667081806472,-0.007929283191645903,-0.017184314182259935,-0.03323534553528826,-0.016000436334717066,-0.009349048167251774,-0.012218080110992634,-0.02318221197911461,-0.04127352186370746,-0.005968825866596957
2015-09-04,-0.009168886445401541,-0.0034885110230168702,-0.03554300130901544,-0.008743930291571334,-0.04443416698606605,-0.06581833947981025,-0.08097122927703485,-0.033380522861184474,-0.012335195431615523,-0.04996516563817036,-0.01299330215989672,-0.018479635633367627
2015-09-11,-0.0017021662895012626,-0.03009168326089828,-0.03309114861387453,0.024483959128292217,-0.01136775199424173,-0.050636208026054064,-0.07547449047742881,-0.013980990540747687,-0.007742983469080143,-0.06635018944120095,-0.07920587126294704,-0.016091160921809202
2015-09-18,0.006934526764087,-0.00736701705385627,-0.004704424017208671,0.008167405703938362,-0.0062295348274258545,-0.028287767193952266,-0.0824570325296525,0.004416250761039105,-0.00802035801992445,-0.04673206060448258,-0.05985280597128455,-0.0020638503077306594
2015-09-25,0.012654471982826154,0.022423602098599917,0.016329345117801274,0.021017655438370534,0.01906240300476317,0.008160626936353537,-0.01818653016593477,0.016483435903114,0.015340401477236698,0.008778274290121502,-0.04236641358658284,0.013781422515280247
2015-10-02,-0.011646080354831816,0.0004984306248692781,0.0011127867760843354,0.004595013279969725,-0.007356119444266199,-0.015064888319797702,0.0015098380201160394,0.015637710090073042,-0.0016535426241209299,0.0020372263226303595,-0.010245977732004146,-0.0024956510784973495
2015-10-09,0.024398282211769668,0.021805165968290907,0.02496240475245012,0.06551478958197246,0.02705047563549531,0.00847282593244768,0.004668931642271924,0.01890040480517753,0.003941621653077233,0.011218117532880907,0.0036579347068235557,0.006280367144695068
2015-10-16,0.018449315588447427,0.019368761696467396,0.02003877484608857,0.03455425086452849,0.01705620274111132,0.009960335506728518,0.017530467481247543,0.006608823992728959,0.02693687231524609,0.011147050721599605,0.01986502290759763,-0.0019998620916056296
2015-10-23,0.003640552316058433,0.0014212125107098865,-0.007130472022661248,0.0050703686962719555,0.0003732578941316024,0.001752402916571865,0.004965526106883597,0.005576893227119248,-0.0024377971422019124,0.0045434512525290745,-0.0026540408200696614,-0.016908350029279054
2015-10-30,0.008867474118911891,-0.003633063498085024,-0.009472714190002552,0.006458468514800841,0.0020591024352417564,0.00702566411937481,-0.002815080674166271,0.008756439872041031,-0.002676613334848127,-0.008039892998809245,-0.004957940335602674,-0.01568772238142619
2015-11-06,0.004386288584647914,-0.005943439835541854,-0.005303816858589652,-0.0018328608607626215,-0.012844999953293381,-0.011126593836224673,-0.018918115904718362,-0.015233094327018257,0.013584677828085551,-0.003655384149123797,-0.0011745167531954656,-0.009235406498325813
2015-11-13,0.006635717170385838,0.024494749517830934,0.017777105708729552,0.0201339568348084,0.002178308161113818,-0.004843932929472846,-0.005475816362538022,0.004662331699087603,-0.01710432414769532,0.009040958708949626,-0.015545727953059096,-0.0017008546102144388
2015-11-20,-0.003890767500610824,-0.017158626993394044,0.022863171920382678,0.012863443028812569,0.01455524618669957,-0.007467586329954351,-0.00045791623861532883,-0.005194415339921863,-0.009092037976760227,-0.007508695441524334,0.00017114210272702263,0.0051496557198499535
2015-11-27,0.014632430531912358,0.02075642077493383,0.01557775061547012,0.020565620840810758,-0.001980670434515286,0.0005310736352589791,-0.005324722522933483,0.00912147957426239,-0.04228546963502505,-0.015379022053987232,-0.015196971319392395,-0.010529495376742982
2015-12-04,-0.0098297227008525,-0.022236322000980902,-0.022408625690215067,-0.014012272597983782,-0.008376003412538639,-0.01499957205746453,0.0004001298171750203,-0.0037051163522529617,-0.00925599130831117,-0.0770441575234107,-0.008036193379922887,-0.004731322294449639
2015-12-11,0.005122699780153192,-0.004701253821572214,0.0023656696870674662,0.023382499199031476,0.005104350619702376,0.020702972379906467,-0.03415601633290497,-0.01975652091246306,0.007354373026735884,0.00309765926897,0.026695371755761966,0.009757930268512256
2015-12-18,0.008357525963436467,-0.0009441396159834419,-0.001077218611794479,-0.0067357518538719635,-0.021530462139607413,0.005646073500845456,-0.009748596192393445,-0.0174350831508512,-0.025902434690798438,0.009727342384470117,-0.017529307951024517,-0.016249976015701682
2015-12-25,-8.92383742700215e-05,-0.031641519313813246,-0.01530024664069534,-0.014292171233950051,-0.01727191531538111,-0.030474212518805784,-0.018606423853338935,-0.014560766958917337,-0.005633635529277842,-0.016517942804747752,0.011201794359344245,-0.01288682295744302
2016-01-01,-0.00536696830370583,-0.007575241628168012,-0.04918610202099731,-0.014348682361417283,-0.005518524032669739,-0.037993715353905666,-0.03378778764125276,-0.009938124154214831,-0.028402727348711347,-0.028963788788649202,-0.03770317455549722,-0.0132740695296069
2016-01-08,-0.0195660668958223,-0.013696707035237423,-0.019708377025187053,-0.007569494064994744,-0.011338286899801767,-0.022606967964477517,-0.07200760104798191,0.001269128215121428,-0.01774333005001818,-0.09898944858482461,-0.036285994594602036,-0.008281555324888331
2016-01-15,0.023555777359756946,0.004566908954567626,-0.007498203470264378,0.013359708558537842,0.012320267696253696,-0.016411932274345717,-0.025471934059393395,0.010900185583785544,0.03405278187985767,-0.01065839314555292,-0.060938899571547155,0.002928644800205597
2016-01-22,0.0027285107155382766,0.00030687642281334806,0.01122823081496634,0.0016453533107938778,-0.013699145066847038,-0.01864081534443423,-0.021049027265785447,-0.014445749051688684,-0.013353462533022229,-0.003869476317640645,-0.027213338777784868,-0.004998020007989409
2016-01-29,0.003650678361188656,-0.006024481624191274,-0.014345633289476682,-0.003650325616674002,-0.023340509774852383,-0.01801153419047432,-0.031666927642707954,-0.009534093206388554,-0.007382797631828804,-0.023447449866256038,-0.018229338113539925,-0.0003531483943795704
2016-02-05,0.01858011935695239,0.004733407849752647,0.0092618556688475,0.006628962651024282,-0.013357612464283297,-0.03452207202686666,-0.021462938455806123,-0.01622042605752297,0.0042223358870505205,-0.013077601674384608,-0.015457846306748919,-0.002563189703910324
2016-02-12,-0.006579924373456933,-0.015841130315652558,-0.036149437419387025,-0.012899130832624284,-0.006860789780596506,-0.0115626449765861,-0.023621143015084774,-0.009163541429360197,0.0013869747213190364,-0.020008746951521172,-0.015083843750003831,-0.0009492535060385782
2016-02-19,-0.01465500105742894,-0.027591784883662582,-0.024687026493154053,-0.03700423053975377,-0.021723709774662647,-0.033270413137618186,-0.024741675465529248,-0.014075098732157962,-0.02385373547151038,-0.02730372926574597,-0.017865401309340168,-0.009912911415090287
2016-02-26,-0.011758425176110934,-0.0031838393898766127,-0.006603048358482175,0.008212044842475587,0.035718596083366756,-0.031016492705526574,-0.023105132669647564,0.016226845863582428,-0.009791235243194025,-0.04166450673703291,-0.014781344327190353,-0.009522629376930816
2016-03-04,-0.026687214287932196,-0.046262653429627106,-0.052250905903788475,-0.04685683355845712,-0.0446389166463245,-0.03588832972502519,-0.03801586286132029,-0.03160846850399039,-0.043631877332184224,-0.05742331684654621,-0.03514274692758192,-0.017281724525230278
2016-03-11,0.000148452151313263,-0.02580573734117777,-0.04503383959277488,-0.00197547158208236,0.003493088440401475,-0.0758026333415257,-0.053607842515234636,-0.017880866815077674,0.0018481596561095268,-0.038551345345412574,-0.02169838965753555,0.006980096257391454
2016-03-18,-0.004678713068304983,-0.00773981439375592,-0.020368191986358652,-0.006575619367753021,-0.00567119763756841,-0.021285236749732764,-0.10542644596831613,0.0010249349627566308,0.007530691927054667,-0.06022771785066604,-0.03389102024992983,-0.00010775123402121517
2016-03-25,-0.01613511046081239,-0.024224901781713725,-0.024633775161133905,-0.01345614495997062,-0.031242783251831722,-0.005318207383997391,-0.045743168555233235,-0.009716273463323887,-0.030303383361889612,-0.046124470147539384,-0.10597436485161352,-0.009421203266475752
2016-04-01,0.011069921726490406,0.003672537580277668,-0.017187647148239765,0.015514982879047888,0.0021584700916495174,-0.04384110355650529,-0.01015934841210668,-0.003293448803089572,0.012102328069935858,-0.010064166403102075,-0.02586024527627928,0.01384429199798739
2016-04-08,-0.016957174015115022,-0.0006885070132387205,-0.011297413042421154,-0.0037614457458801367,0.008060909548504021,-0.004108582133525075,-0.04146010846497334,0.012386034818313314,0.00658718388030425,-0.022048064048748983,0.012183848759808893,0.007105349906265971
2016-04-15,-0.004886121413783936,-0.024495390193476387,0.0173627101624029,-0.0002317183393523269,-0.003831941666352284,-0.009623127665505835,0.005758219844814916,-0.004582627938178872,0.007827078235419638,-0.0017519645501229114,-0.02473717496464531,0.010835778753064665
2016-04-22,0.010744046818137329,0.022316098323892197,0.00975783128414616,0.037671267667456924,0.02224036757823314,0.013631535393004756,0.038989028489399426,0.019178746761982,0.014477602273319689,0.026634407128407908,0.0242230483421641,0.010154685588785363
2016-04-29,0.008703399206465678,0.018530344878596654,-0.012255470808748966,-0.005849177971072516,0.0037949005477878528,-0.002145686819178176,0.0016930642314151342,-0.003827571346021906,-0.009572338933952483,-0.007987794563133076,0.0005947244974518194,-0.009034611941345578
2016-05-06,-0.005773155097889706,-0.010332325031961867,-0.004758265612107794,-0.0007870081287981914,0.050167964440038515,-0.0018064411866366154,-0.011773509637827455,0.0076427419907668884,-0.005623018357945023,-0.006052786716817127,-0.015870588391979756,-0.0075648353234521355
2016-05-13,-0.006295770413068725,-0.00702495913374369,-0.011566950535029643,-0.012093335264841179,-0.0012901231807857282,-0.006717997761621403,-0.00906009332251179,0.011466924443651253,-0.0033169227262863452,-0.025063911337205407,0.025268834257847286,0.005045015792485649
2016-05-20,0.013298112499637478,0.006721705433677711,0.009378953272738919,0.0014385153982804874,-0.009336322547196676,-0.008854345347571135,-0.00561926108760011,-0.0096681544580664,-0.008783314050786544,-0.0220489585621091,-0.009541708875920912,-0.011953173393959732
2016-05-27,0.003805966105685144,0.02141545828864895,-0.005388649828763467,-0.0009753102133660305,0.011689497011843564,0.0033591598259888576,0.0038813914390114506,0.0007276106656361132,0.0043679000570838985,0.011064570097878808,0.00823522312932451,0.011037258392009624
2016-06-03,-0.003929188487272259,0.03392418768326675,-0.012501990966252423,-0.0015507159422886332,0.0057380825357287195,0.00010121527840940738,-0.002066735164139752,0.007870698485128964,0.012859067127260478,0.004312698251658334,0.006719431565582256,0.005238774062318649
2016-06-10,-0.037308937018763755,-0.03334024967366007,-0.028187339142478087,-0.034587217121540545,-0.026869235702072655,-0.02723092347859099,-0.031346152891207076,-0.018836419455163303,-0.036507836194025124,-0.03259240536116497,-0.04618087239515596,-0.03398349856939562
2016-06-17,-0.000523450326257367,-0.04739981426836412,-0.022141790364279598,0.0012192013769307484,0.004849574375883386,-0.04378667958228662,-0.05199336705463928,0.007675177827349995,0.00841142909291464,-0.0373604374786357,-0.017407499451631187,-0.004629300892768876
2016-06-24,-0.01062037797547824,-0.00862656729559801,-0.054841176875452265,-0.011049096737837842,-0.004320646722297638,-0.04684405909633185,-0.053725134399923116,-0.013913683689343056,0.00517672852353745,-0.03290112520678178,-0.04324631906073035,0.0072947836554597386
2016-07-01,0.025703540233336722,0.031207408193026497,0.03755762920253973,0.038193791631314956,0.03854604258829798,0.02764823255874751,-0.058247133535672874,0.017430642621957395,0.02655113404580412,0.015837409737961182,-0.014623405200520315,0.03861880316791779
2016-07-08,-0.0015244190210134626,0.00944878060498424,0.04092104528022014,0.022448726779339134,0.014078352562896086,0.0006722065643235474,-0.00021385728061359965,0.004078277830048743,0.011477149171913925,0.0033579137618457615,-0.04752658745886565,-0.01517357740564047
2016-07-15,-0.009460911010516293,-0.007141155171255886,-0.010135016442153574,-0.022338186734382273,0.0014301599402604646,-0.0051194095420659565,0.006456043414605342,0.016544255025213277,-0.0010644934293300387,0.0026026323321536957,-0.010362614307108792,0.0020073785448133695
2016-07-22,-0.021355470485077126,-0.016154867947506462,-0.02130089636506547,-0.025557432145178915,-0.02818291491032878,-0.011139558910635545,-0.015554168476040693,-0.01080119508441867,-0.03006107040415066,-0.04732057258499562,-0.02955430063315183,-0.03178470631892633
2016-07-29,0.001557071633547829,-0.017209475341427284,0.007513734478395689,-0.009492138507008344,-0.0169192598148159,-0.0320380597410771,-0.001506326867183683,-0.005015414128897832,-0.002086820382349674,-0.013952051085205003,0.0008673049924066249,0.007074340555032279
2016-08-05,-0.004433208671549098,7.198757781727615e-05,0.0047602397242936054,0.005033170871742995,0.011402246483261734,-0.01848754862477095,-0.010635135611302625,0.006815917094368518,0.00115509238728886,-0.030114542213939978,0.001166488525229613,-0.011056984871597918
2016-08-12,-0.008244271284438024,-0.014547604422589806,-0.014660262925482025,-0.008627003131839995,-0.015984749807128298,-0.005486185804209943,-0.017551230709360793,-0.01843272115195983,-0.007448963120897398,-0.024360248170933376,-0.0006651376842532924,-0.013446048128678681
2016-08-19,0.00851672547098866,0.00828666976760759,0.002350157504101249,-0.01571674497251544,0.01615066794749215,-0.014797511718058777,0.01230608459213776,0.0111964673131,0.0015058392489821159,-0.007182222913020505,0.006235255395715834,-0.007437040896682486
2016-08-26,0.003752653754676988,0.024545481620085092,-0.0002766958818017581,0.015429671892770173,-0.014926281099910928,0.010796028644495536,0.018698537611523555,0.016200469451088495,0.025204716193017368,0.010400344690663064,0.021972259915691694,0.014732270425815085
2016-09-02,0.023344808350255764,0.014093304898425037,0.006892557254513421,0.003992053419997619,-0.016524651257064746,-0.001083855045903412,-0.030555039809538633,0.014589353011733898,0.01198020995285447,-0.008225799650174136,-0.01048842514391557,-0.002560644712301881
2016-09-09,0.022066345477923296,0.0069340545903952425,0.014164181809944136,0.01819260818573979,0.012357446914757621,-0.009787920535809123,0.00704600619740271,0.0016563342108608325,0.012072975437810532,0.021554180023976587,0.0012639045393259309,0.018330858211116286
2016-09-16,0.015024937610983105,0.022408444446375398,0.021926181532000703,0.027000039127245638,0.01096611248131746,0.024362894513002265,-0.010211885252186154,0.004569747405805848,0.016417355729847788,0.026446898377871394,-0.0006040266759646892,0.01577445008549281
2016-09-23,0.01935457164593678,0.013433125912629861,0.021490062849839158,0.03193637061170547,0.04513075777906002,0.014311207567859781,0.018783289150877677,0.03435181447655091,-0.00022464120665966164,0.006737692928169359,0.012310388293025394,-0.006086166446443393
2016-09-30,0.005468947704832144,0.0003225093246739751,-0.017352503817585848,-0.00275773241335455,-0.014370405360585651,-0.021865126339279988,-0.00745358151708872,-0.010580021350734124,-0.02351321657441896,-0.018284507801272692,-0.015772225249017998,-0.019878298839826634
2016-10-07,0.0061992716826073215,0.0013248985432853587,0.016679520020236975,0.026585773698748573,0.020667467312119384,0.018245313117734807,-0.013224363255544526,0.0263671462203798,-0.0026716239388570014,-0.014420931677496225,0.0039056828050718947,0.008813468538471793
2016-10-14,0.0036385179412524015,0.0016180283378924975,0.028368505828861353,0.013480458883847234,0.011662735111088226,0.027493323486616,0.0094716044133157,0.0067037837509956524,-0.008934515723619982,0.0022837616021345476,-0.012475806101535319,-0.0013915636497072166
2016-10-21,-0.027191879435518235,-0.016716788419010444,-0.018839681159800396,-0.02551180075319647,-0.020128987565880004,-0.008484267603522208,-0.03170916660643998,-0.018716896812784007,0.0033953211451722,-0.004548344019520924,-0.014497067263627372,0.013487440025360026
2016-10-28,-0.009252393848775907,-0.025312263648000388,-0.022401270483994082,-0.004796843315387868,-0.008788727144770508,-0.04439671943346419,-0.026371362723790735,0.012596843086399512,-0.003087718173882166,-0.00046136892247853657,-0.033245341695365874,0.003258381877031398
2016-11-04,0.006492930166189221,0.0030034228833486797,0.004133406507363272,0.008027147607859659,-0.006690446034934754,-0.03957336519148942,-0.027988605068137412,0.02317985944910225,-0.006637542951481316,-0.0015466168893367334,-0.0031341134472616956,0.005262958732242117
2016-11-11,0.003470283061361051,0.021796432678966225,-0.004851380771307277,0.007837660710879936,-0.0022909425317244876,0.008935590982073952,-0.04032422159076726,0.00543446093421744,-0.0011437024364174477,-0.024445173810892055,-0.009394592756808439,0.0009463331491567622
2016-11-18,0.006920278411696994,0.015581396082815887,0.00010927572850196517,-0.005894910485936255,-0.00026917943029288274,-0.0043013173788357464,0.006021200204803045,-0.007820132808969558,-0.0077946880106129915,-0.01127757337350339,-0.033632895651867875,-0.023601621922416206
2016-11-25,-0.005899066144643841,-0.00023434237020043152,-0.015614154110080755,-0.01717888081988335,-0.023556560539132982,-0.02371897387086522,-0.014167581711944146,-0.055368828927287964,-0.006350505276944293,-0.01193207421493581,-0.0032091833950103478,-0.006941658623235467
2016-12-02,0.022077845819184424,0.017413132649195535,0.030969676322374094,0.02381030209901515,0.03875174975068501,0.00820366014362451,0.002356418567414203,0.0314970143306795,0.03567602789577208,0.011688001970605426,0.009242604481666411,0.012195694905748181
2016-12-09,-0.00513810877476065,-0.0042852800556636966,0.009953394903806756,0.002991940648809927,-0.004819278415182879,-0.0444517195493589,0.0044050117781417805,-0.006150506527801358,0.014655895432798534,0.006296322823582228,-0.03272834199634338,0.01741095356822908
2016-12-16,0.004547377654721124,0.046432855194692445,0.025181185726834115,0.03463942772345785,0.01239185530396509,0.022429761128179234,-0.03114662542068652,0.0320340680857318,0.02556497565936027,-0.0027976152872753665,-0.0007333791704691459,0.008927676273556107
2016-12-23,-0.009522858293712312,-0.01672173543146614,-0.00819061681547268,-0.013856413569134366,-0.006716169170791696,-0.017176774026993597,-0.01663642407857574,-0.005198528163955154,-0.011731837400503878,-0.02083578724931941,-0.03370928185173803,-0.044649114717292444
2016-12-30,-0.003489998501314865,-0.0037965142176666134,-0.025085996245488597,-0.012796201605681023,0.002816572826298129,-0.021087093591281435,-0.014079453153047256,0.003988268274946931,0.030031206159126963,-0.01699764194362216,-0.005156668064806137,0.002487654576987045
2017-01-06,-0.0034662895313477345,0.003918321505698173,0.0011596307948888115,-0.01016781791718969,-0.0013410287102220819,0.0008034642919574177,-0.022177975569061932,0.013552806374939705,0.019657851189777437,0.003533093774346999,-0.017260894382587773,-0.005204069024117742
2017-01-13,0.022788633482096636,0.022316753308447623,0.028538663538532422,0.028832660867722626,0.019387996553760785,0.006325833998542638,0.004524751218457905,0.004814301918466733,0.015560609522532048,0.02218327128356377,0.0024773955631927063,0.008452767006419884
2017-01-20,-0.022866899782131626,-0.03834189479249956,-0.028496557694362323,-0.0414211956713751,-0.014634744801610984,-0.02124246337368116,-0.008777751989411617,-0.013165923288602253,0.00960882454194533,-0.011426355588579271,-0.012795643548343113,0.000997977415968074
2017-01-27,-0.02641317846393068,-0.03417050170888724,-0.05887126746638301,-0.016005330156578384,-0.004735194852370261,-0.04345161335861408,-0.03743929960299673,0.013301003566509394,-0.000982598743281203,-0.03400739496096529,-0.019898142004313658,-0.01263636599154228
2017-02-03,-0.002796009760671443,-0.016907090941051483,-0.015623687130824099,0.0006617918287210151,-0.0030493951229930614,-0.004363734679120587,-0.04023163094597615,0.01993437536115535,0.007127167609858019,-0.027554863212921974,-0.0006369498486785349,0.009760586702840473
2017-02-10,0.018562533729972474,-0.006646333061163998,-0.012917210956231984,0.003313478129921014,-0.002327278811539376,-0.019614980368761373,-0.011091989385010884,0.005734834066917922,0.02822332466314975,0.012170457401706726,-0.017558041075188484,0.004563734581942452
2017-02-17,-0.0005746376869243969,-0.02768182106796969,-0.01172892101523732,-0.019361860498663938,0.0035873021799407287,-0.00870227708020293,-0.03464694258113541,-0.006926056458576599,-0.006752679805882048,-0.016430584281217527,-0.014046979373784484,-0.009351356042649268
2017-02-24,0.005867405153284727,-0.010815334882862437,-0.03631688506816878,-0.014676749797781316,-0.005303181217809028,-0.018625873210163076,-0.012445421815264413,-0.00612257746195022,-0.020549431318099966,-0.0404752792010031,-0.026061991862230165,-0.011444258093971963
2017-03-03,-0.021185416339235846,-0.05513560642307511,-0.05144715211776071,-0.02366905200422441,-0.04587970594563426,-0.07174315425554642,-0.06902591229530865,-0.040266046904190084,-0.0266235451850389,-0.06164349380717356,-0.03562349988168334,-0.021572842843516075
2017-03-10,0.015356676359194013,-0.003044318537667033,-0.036275305302528704,0.007915355717721204,0.018909449715977026,-0.10124549083153736,-0.07082448058729221,0.014918289502263593,-0.026407443372240706,-0.08295071270346105,-0.05283058423915422,-0.008199583424037283
2017-03-17,-0.0020419635281299538,0.0035638558951183613,0.00837152479780708,0.010975087222683024,0.031051180042358847,0.004040093515564062,-0.12523167710874208,0.014299702650131777,0.002886330010349422,-0.0960189584397888,-0.050016395762938835,-0.012230063161903169
2017-03-24,-0.0018876052072667577,-0.005480909266248548,-0.003642530918452833,-0.012170698701558087,-0.012217658745048762,-0.0069816597341201365,-0.009199701283711425,0.005027503029771976,-0.019117615498194518,-0.012232906287264263,-0.10436846444554446,-0.015153208195196667
2017-03-31,-0.004553065187152986,-0.017719432486138737,-0.01456471037645744,-0.026296127721290148,-0.023565103295235416,-0.0443604921966339,-0.015157685739130745,-0.004841549290697837,0.010612150740435252,-0.007456286322502004,-0.009935132127790194,0.005024256600289463
2017-04-07,0.02804914101522759,-0.008628191622829198,-0.002972848509159857,0.019837807608402667,0.026446751238589368,-0.01675680981682702,-0.05066853354342537,0.0037402123331108017,0.001862022215664541,-0.03238657335443486,-0.00017734148308482748,-0.010872694861675063
2017-04-14,-0.018018578427948947,-0.016948807490578338,-0.027124534344467523,-0.009145718567555382,0.007264956236296858,-0.007244290200424832,0.01117808279038444,-0.003287204125656733,-0.008050681761408093,-0.021671989558452977,-0.04200795471800225,-0.013106306904463598
2017-04-21,0.011163573336460904,0.012067363583392294,0.013640460311928709,0.015188536789793284,0.006839095468126102,-0.002083075836111653,0.014891023302254431,0.008564931170778407,0.01232577496031338,0.02287932780293143,-0.005420767990840493,0.016370850747446663
2017-04-28,-0.007844464126923483,0.0003816570178761518,-0.0212770273963314,-0.01587978987556958,0.00021569563405956648,0.0035276180613925652,0.0009961115199763103,-0.001413494828440979,0.0037100968757328443,0.007310263623121796,-0.021900842859383405,0.0001824932955596225
2017-05-05,0.009156179953492855,0.044453145706568886,0.023666562859514673,0.00861959794492095,0.00640307091462926,0.012823079925594921,-0.010033180005507278,0.01636191702088633,0.0039038588094894335,0.008696803085754722,-0.004312154527185217,0.009627130419132967
2017-05-12,0.005154479319913514,0.008305008403425556,0.0046900432280581085,0.0021006624747837775,-0.0072074830232236806,0.013026983639866593,-0.008463389088294018,-0.004994614294720893,-0.008677603191292342,-0.02341030781546508,-0.0052971631374600855,-0.01036622709421607
2017-05-19,0.003966358583576167,0.008949469971088364,0.010597487838811953,0.008733574600604156,0.0160616482597595,0.010318166832217727,0.002595212630206464,0.03067804889024716,-0.0005937410286235858,-0.006053619908096916,0.008208521504022489,0.012810375180296076
2017-05-26,0.006844711125674085,0.01021172305872329,0.009176116261420647,-0.011462836922035301,0.0049874412683415265,-0.0028648107414455627,-0.01301718710108262,0.01144251020140639,0.008132850456583074,0.01661953011734831,0.010309231720114437,0.007045447967643133
2017-06-02,-0.011791940378371817,-0.01926025122000686,-0.011081860777934886,-0.02275828998277796,-0.010468845799566211,-0.00616966377219322,0.0020982822600223968,-0.00830116607447579,-0.015530728765154555,-0.0009614440698012033,0.0016110320884581068,-0.01032015626864102
2017-06-09,0.00019370553010272015,-0.005416019104494266,0.0002247820548193797,-0.01329318855867809,0.011718820307902979,-0.01885282900156503,0.0053758273925343615,0.001575613372828588,0.0034154207680261606,-0.0015343914313618338,-0.005821163664125007,-0.009936725440873956
2017-06-16,0.012225408062013958,-0.01473599330402605,-0.010766380923876509,-0.015659058132687188,-0.014985544834844254,-0.00915109882171729,-0.021951274694064285,0.018046394254639227,0.007939798193007367,-0.011894699171465774,-0.0021305130749422144,-0.001666905698929422
2017-06-23,0.005432528346215022,0.0038998871893647967,-0.005006084641521933,-0.001976406302742331,0.04111462929551163,-0.010472359282099962,0.0014580661301826984,0.013225268353164081,-0.010644504196145814,0.004263103743832428,-0.025985004848601667,-0.009589282188672532
2017-06-30,-0.025753053903518938,-0.030653784064930013,-0.04592564254902196,-0.03436955394017721,-0.009236667697744746,-0.014463024236155567,-0.024729187505015342,-0.0358502356712769,-0.03690692963610648,-0.031769127131367814,-0.041505052659105174,-0.025770770619429763
2017-07-07,0.018805978658859558,-0.048760717432463324,-0.033497704159129144,-0.03416749099215386,-0.025386126008708695,-0.04372411332259971,-0.0459720545839942,-0.017542915738225157,-0.0194386834559962,-0.059735061365431136,-0.03212218480001899,-0.005624325256006194
2017-07-14,-0.012116854854956288,-0.027027528052154855,-0.0630497905634694,-0.011206838084087983,-0.014449023946409057,-0.07947802895471134,-0.07584471429014314,-0.01372364762571069,-0.010973291725260166,-0.05386452729375043,-0.036166212352765355,0.002507983736499724
2017-07-21,-0.00483483605992468,-0.0380279883530945,-0.0400010561053455,0.0008573532687177367,-0.012768183119111935,-0.028492726994178003,-0.12517886850942456,-0.007751443731487919,-0.015151991709213542,-0.08203513201466808,-0.0489113387935839,-0.02948324465283447
2017-07-28,-0.0007440434035281545,-0.0012563942433042631,-0.03276012352505491,-0.0007258262322526026,-0.0012076697855444996,-0.03827097848386736,-0.05968069119491909,-0.0006290307138441324,-0.011296492301174441,-0.039368257217851296,-0.07503661629451086,-0.005555487238625173
2017-08-04,0.0030197993663659776,-0.002139173392947688,0.008393186901089984,0.0026045354835652324,-0.0026902438233361546,-0.00568898279031434,-0.042494293981789326,-0.003798250490088013,0.0002018394498916388,-0.03835438684938626,-0.052145058723988086,6.520306816308499e-05
2017-08-11,0.014187360967869295,0.021586672675656463,0.015561037074281744,0.020093658982332275,-0.00029950114857154605,0.013784851622987029,-0.001074987873624529,2.9312350327189817e-05,0.009032689511246882,0.002956227646083589,-0.020608997627476276,0.0064464152635419466
2017-08-18,0.0024594704158983575,0.026366604359727347,0.023847126509178182,0.02297528407518517,0.0007493628971430674,-0.010538987667024938,-0.011033033566083742,-0.003734377028561121,0.0568706223116808,0.014463419175788784,0.03174361049169472,0.008296292467728037
2017-08-25,-0.01252684465371873,0.006518988646624755,-0.013824212294610418,-0.014671495271021599,0.006917838673412837,0.0036026583350178476,-0.004561542620790532,0.010083860004433478,-0.019950764395614256,-0.011245794297226188,-0.006458154489444631,-0.004757218209526914
2017-09-01,-0.01096367226536138,-0.02836381948557349,-0.01916891709067252,-0.017921369816817034,-0.016035397648797068,-0.007101335297341401,-0.014492400683664489,-0.031132689318236848,-0.005666534878540697,-0.019715436641586443,-0.010222666449115094,-0.007196222858070048
2017-09-08,0.005210301050734137,-0.009161943530950218,-0.02439517020223866,-0.0017007508412921445,0.004295851221972102,-0.019086563169188556,-0.01410445005131404,0.008070255724815794,-0.00265075711073943,-0.005837925311270083,-0.012421572411488443,0.001307548501249698
2017-09-15,-0.009256924692544664,-0.013874181021206683,-0.026550084865598844,0.00020389910075260028,-0.009935101155780132,0.003479926537939091,-0.027618778363426924,-0.003536403112943765,-0.002424451177342069,-0.0077619257672916515,-0.011999546382808608,0.004735583508270748
2017-09-22,-0.019602058836254117,0.0022921825005781642,-0.016799325795919248,-0.014094061485481927,-0.012583188654183165,-0.01663484376263415,-0.013585393245334988,-0.0016550670116503323,-0.004967038378575636,-0.007516501472193516,-0.02117455731027202,-0.009574723434049226
2017-09-29,-0.01472603187390396,-0.028875427107295928,-0.0205430218642535,-0.01617319036628744,-0.0007610459551305154,-0.01869833116872881,-0.024233119355872624,-0.01980737396961194,-0.006529275373823256,-0.026001437473938196,-0.019281937957462005,-0.005993685131109898
2017-10-06,0.004556868349999549,-0.007682553950386136,-0.0211366174312334,-0.002112078498374736,-0.001609012905630666,-0.026423728910079266,-0.055767250188233905,-0.002332686208539924,-0.009588132840777284,-0.016724036114422552,-0.016787502537876687,0.009420963622801194
2017-10-13,-0.008055428290814374,0.0032109594090559386,-0.04197815426753131,-0.026705971732420102,-0.017697597183500755,0.0045160457255072756,-0.032167951203632944,-0.017065108612189028,-0.013249813658496772,-0.03732689493155589,-0.04426464943514445,-0.016632954286399555
2017-10-20,0.0041150527224118735,0.031136663662743723,0.01964868581143115,0.00015953569502452332,0.026962667656767088,-0.06193226845688966,-0.01908943942078889,-0.0032011426748048367,0.011145982936376935,-0.01788306306403656,-0.02803286889181142,0.017806403744249064
2017-10-27,-0.0006306582645023047,0.013840899547274983,0.0031797522899729433,0.02079041585835687,0.008456889939086198,0.0030657091968245643,-0.06284437375874596,0.002489389677001088,0.005119683723644165,-0.02856752174720652,0.006663296132193778,0.016878555051915902
2017-11-03,0.0025999193255871918,0.020677995604335125,0.022643708039932833,0.006358453176790934,0.016760432981193608,0.017778150332343833,0.0014250427259040032,0.026764044425059443,0.004920562458890286,0.015842047382010508,-0.026340097358353236,0.023393981204466428
2017-11-10,-0.00999812945044835,-0.007813106689823936,-0.0034914368477136836,0.01606967398476071,0.0008446507784992782,-0.0007222674774828388,0.013639085515315268,0.011686404824516477,0.012550168517412544,0.004283435295170852,0.017449918432799475,0.0021099977792524986
2017-11-17,0.0028806428946066363,0.009441041796075324,0.029352619599353924,0.024067957598748475,0.013877983771658466,0.02457861516631547,-0.0009037413144133625,0.006879160202815962,0.005126116852185735,-0.022266699259851645,-0.0003921762290488816,-0.005356817778913586
2017-11-24,0.018773410064388683,-0.0014041966589884562,0.012264986669628683,0.007322687964698754,0.004057425090537218,-0.00019629454264720372,-0.01319441015826761,-0.00023565202957323257,0.008185653708759432,-0.00659844614227457,-0.00987980540414257,-0.011611047414924273
2017-12-01,-0.005948156959626275,-0.0159853222473566,-0.0006284481141512219,-0.006372143832486747,-0.007247290402880313,-0.011604770152297012,-0.00026828942540805287,-0.010921234340020321,0.012755788038426195,-0.004688120697281031,0.007170926175654936,0.00854973743664466
2017-12-08,0.01756978942990721,0.003311361076320187,-0.004084270290426627,0.021224119057951414,-0.0023919311421816297,0.003162835025155856,0.015619560285402833,0.004985099562576624,0.011765748090042985,0.0012546549807779688,0.012060535615472667,0.006279554116045155
2017-12-15,0.006119822283165625,0.013257503385080385,0.009051528379296275,0.0023468484803210064,0.01524094109891843,0.003911332465356027,0.010082752374131154,-7.668412361231698e-05,0.0011803806456522768,-0.004416719520077535,0.01852925026378656,-0.025920982571379002
2017-12-22,-0.02306430080937961,-0.0012457990098926428,0.0013946129086691511,0.00018696212344807134,0.003967799141396684,-0.010668036714188598,-0.012017107347324073,-0.015505147309374996,-0.005752745958476064,0.01882147176519666,-0.008823917140138639,-0.003946619057554841
2017-12-29,-0.011853564269965835,-0.0458952610611713,-0.005051877799149217,-0.006582878330051275,0.0009322469520401554,-0.03641980889672033,-0.00752759760410094,0.007161807171998224,0.008550923489554003,0.008992891080706463,0.00750422323262462,0.01811052410019976
2018-01-05,0.01723953221270565,0.010502247645830975,-0.02938148420946077,0.02215650090705007,0.028888753520400944,-0.023207879770346978,-0.00862796461216855,0.008207254496554628,-0.009188650929330947,-0.016700341944066967,0.04857226564575171,0.008823044635118616
2018-01-12,0.018952995043208975,0.012737283287267968,0.016536199742906686,0.015524235398777293,0.029793344094668568,0.00781614373086335,-0.0346240838927932,0.011259121149767405,0.010191335105640142,-0.017395569269199697,0.0016905760402622133,-0.011601694529751154
2018-01-19,0.036028160388972955,-0.014083201208030808,-0.0028263974142775793,-0.013501110894265018,-0.01567656843640632,-0.014280215809982746,-0.013091108047324931,-0.018744890223948242,0.014994678861096213,0.0034554526586241673,-0.024446053097466756,0.007895284168220938
2018-01-26,0.007111400286913592,-0.0005383404079103082,-0.007474823733991642,0.018492096223744044,-0.008708801775187841,-0.011096524241596004,0.001999109747253195,0.017604140712491043,0.006294945184358754,-0.0018675430108295835,0.014001699859252032,-0.002854138686447103
2018-02-02,0.008093664122686679,-0.025068682572936936,-0.027436326581416134,0.010202300610579506,-0.009375184253171945,0.02121020092999556,0.00881711502921729,0.011291450530337978,-0.014352894046162254,-0.018745278724625933,0.011021362048744904,-0.01683441635741191
2018-02-09,-0.0033622905535271278,-0.022668375035998715,-0.018568971023882153,-0.0035805940791190094,0.0007283156803399517,-0.03127247189927222,-0.019360914043106022,-0.015798063358719847,-0.006622200878458825,-0.06435347819322529,-0.015056915140470537,-0.011486034055023877
2018-02-16,-0.011000235188426421,-0.01130748493656812,-0.02079469541381291,-0.010964448485570634,8.722578024340807e-05,-0.025374884158760783,-0.033166040182130055,0.012108290605874438,0.0062369281855236105,-0.04611100565816789,-0.03114007223471098,-0.0107443820710637
2018-02-23,0.03688080510841711,0.0009973720732010206,-0.007723060542973781,-0.010584416768858755,-0.0007999731808805543,-0.004491590740589028,-0.02842782741111311,0.004716817746686802,-0.010118782294158234,-0.04260163721597948,-0.02126665451650792,-0.006776373251071309
2018-03-02,-0.02301254551442358,-0.043181905524523556,-0.03929133716509514,-0.03694261082964911,-0.019296556230713854,-0.01186149691532889,-0.02287450853040568,-0.01987312778915172,-0.02576047477257942,-0.03192554222031908,-0.022486499002948256,-0.007208780869526678
2018-03-09,-0.0029181248060548585,-0.01921424776384665,-0.02559070789649718,-0.004508186552029206,-0.0032485181833849584,-0.04338690975709586,-0.01775786130996156,0.02302439989317794,0.010677324018067112,-0.014269954257032204,-0.0037529717683818086,0.017588842703769456
2018-03-16,0.006254649634917604,0.0018520957970937953,0.0010141074796474608,-0.01115299315156214,0.005847806024583767,-0.011724091993398796,-0.04457805925993777,0.007429406731413527,0.0136860174207751,-0.029523307778474665,-0.01256052688561945,0.015656590799989177
2018-03-23,-0.004288451391923176,0.027392505537102405,0.007347957587214468,-0.009338003857139439,-0.00692969572559651,-0.00048145900630110054,-0.014487246760152644,-0.003359172145973491,0.006014010012261604,-0.005556239640866451,-0.03643318880244675,-0.004641463214372412
2018-03-30,0.010543235257520914,0.017721229613079585,0.011870335255072681,0.004128544322623647,0.008114756557320631,0.012401810404033922,-0.0019476618249206997,0.00835268221638002,0.015841131924453,0.019551434732304505,-0.007024135823727457,-0.0069278347325073915
2018-04-06,0.005836957243877277,-0.021027891507996388,-0.008303589992982386,-0.029020967005872367,-0.018679889305738814,-0.009594376777346439,0.0003869033398951466,-0.021613037270135256,-0.009699354255367144,-0.0182920184903205,0.02837341564084312,-0.004957240939670277
2018-04-13,-0.0018093113340857253,-0.0012321896962671059,-0.01434711346895778,0.008941029499544853,-0.0037771838521041524,-0.014819389800634807,-0.001446883542695802,0.030423468217314842,-0.001878254230347168,-0.006011875868862464,0.01520593947431573,-0.0008837922082601663
2018-04-20,0.0026617202374598805,0.0031073387507933687,-0.0005326592196451521,0.0022880790666440424,-0.0012548456101208615,-0.006170577994935545,-0.023816785527554486,-0.005479070651646361,0.011615787087344528,-0.011313744229971202,0.004724519463357637,-0.004244033723821854
2018-04-27,-0.028017262017848463,-0.024084962283793407,-0.03821441724676999,-0.044889646099369344,-0.02175060892887605,-0.03904034646129617,-0.02418886799960348,0.00023724853930333427,-0.012592586067483053,-0.014040740455253569,-0.016693980193720943,-0.02264680569583971
2018-05-04,-0.008826639141088914,-0.023510927394327405,-0.02053335847242345,-0.0015837294072861387,0.00018778643031184942,-0.029588785056086753,-0.04651385006517614,0.0029888842988362004,-0.010668368042771447,-0.022788002827605416,-0.014478742930943811,-0.003665888706565577
2018-05-11,0.004287816749640138,-0.003978624260718173,-0.018992111108541168,-0.0032550436665367065,0.018233473288054265,-0.022452345952966288,-0.0348215693917185,0.014864278880838891,-0.00356502684453156,-0.017123085133224906,-0.022338245202898763,0.00885778104338669
2018-05-18,0.005661900083521582,0.0038101810853088443,-0.005299532783386059,0.005938740753928828,-0.0073680614796990725,-0.009166461141080655,-0.030693461809051532,-0.011604295026383517,-0.00729891211383869,-0.0005148464554268362,-0.012989689458711408,0.0035492578542273574
2018-05-25,-0.0046611596058176085,-0.011442174332730792,-0.003703058944652331,0.003997249484099117,-0.013751626823497766,0.001764868732214406,-0.013033077822239043,-0.008938881566965661,0.00013661511730780527,-0.017910695745022923,-0.02466249035672309,-0.009069139257087045
2018-06-01,-0.00027539433224279544,0.0055701016003167625,0.008183123255289181,0.02652705332987037,0.007487099734696334,-0.004800430553999804,0.01211583223776475,0.004964511794007796,-0.018973898498587997,-0.029471168546487216,-0.020099198299012716,-0.013389714221617393
2018-06-08,0.0025214418583341556,-0.007751266700457937,-0.025245069874945604,-0.005889494391758225,-0.023431200972784744,-0.0015162404862839602,-0.004724193838160554,-0.028300921048644644,0.029287639431466367,-0.012806807044059444,-0.0005147310222398083,0.009423488549802192
2018-06-15,0.019118872271119233,0.02591591698727502,0.021592212214414333,0.0052679144470198684,0.007001181160506048,-0.017438849200979246,-0.007333871562796051,0.003467201296666387,0.012102989648850393,0.015413963835710422,0.011560820085166143,0.012991020088559572
2018-06-22,0.01828250974262531,0.010499275291641599,0.008674925275647637,0.013741018393207342,0.007609070210943725,0.023961393904986118,-0.017831831590362883,-0.0032168992214881946,0.007112362317874627,-0.004693344769657889,0.012797794129544364,-0.01536387682182925
2018-06-29,-0.008812011843010736,-0.015505597553665635,-0.027443032310022316,-0.0023369086993965207,-0.03412976935310886,-0.01457021501784249,-0.01955067683281334,-0.031141529970894023,0.004307216896334167,0.014127618071370855,-0.0025940275303122234,0.000949773887229621
2018-07-06,0.0006453713659744098,0.01852723878483867,0.003994695843620633,0.010821663672142752,0.019959626033107983,-0.03470862632140551,-0.013189137327640457,0.001372390251735482,-0.007268741515372079,0.020376557647949704,0.0020937324836913206,0.019099115392449295
2018-07-13,-0.010619398699409532,0.014076453232717443,0.0014361697619203312,0.014157106812007015,0.015260313513746925,0.0016280390850156126,-0.014299456356512292,0.00016891157964178872,0.01810715367530875,-0.007072942348160149,0.00030693617368353614,0.008805182536604282
2018-07-20,-0.001987817745489693,0.004578237855579536,0.021672062329301616,0.011817809194545902,0.0003290700895279312,-0.012280477881941908,-0.01417966609479595,0.01691963596797449,0.02206674765723634,-0.0038948700346375315,0.010699673164339365,0.02542699905578941
2018-07-27,-0.0091816282515049,-0.03574409571849725,-0.024561241842114702,-0.004222727951610823,-0.003469686336754401,-0.017014341941688462,-0.0035752306705235173,-0.011451000990370355,-0.01872096377877221,-0.008268997806652391,-0.009959589126940475,-0.008974429150784061
2018-08-03,-0.006807793598588739,0.0061457035128400245,-0.028920990905399648,0.007131000403968443,-0.006808588047905319,-0.003063986852276327,-0.028807837421508276,-0.0019456561381439826,0.024237620886309836,-0.015249325507046094,0.008416600889566604,-0.0030706146005499355
2018-08-10,-0.007747896508499008,0.002375951129505965,0.0038535620169155606,-0.011655558751280626,-0.008177281716647071,-0.011962844771963117,-0.02981071732916423,-0.0047004953801793835,0.025723369085062748,-0.019780092920349695,-0.020384713053163556,-0.005655719510078165
2018-08-17,-0.024707007913132302,-0.018729920996258462,-0.018071841472695624,-0.008538872675638017,-0.00042437673357806187,0.009982672211114112,-0.007134891158351515,-0.0008101755505256829,0.0008696714049768982,-0.015248464268722948,-0.02955659620170452,0.003947838968761684
2018-08-24,0.0074155513129923675,0.016493495309490357,-0.015571069400096551,0.007941277750045607,0.001618952719256823,-0.011626489439453798,6.968046666206915e-06,-0.002770473422018715,0.00594598425373173,0.018391468752273064,0.001197401377656906,0.006667623146341685
2018-08-31,0.01239710789046359,-0.0021076227242526682,-0.02052469118555331,-0.04165934646646826,-0.007012669831555694,-0.01098447259274763,-0.013947655458937658,-0.008694298007799525,-0.011328931013643639,-0.00356849778194626,0.003030801265217567,-0.009262191458523146
2018-09-07,-0.003112056304757113,0.0002089685334556234,-0.008504368492997152,-0.01159144200645978,-0.0006437846092058958,-0.00012008631865441746,-0.01745463372928218,-0.0033083872517465345,0.011829693823300194,-0.01807601378271008,-0.0075481447915192006,0.00027339526988954274
2018-09-14,0.017836374268177864,0.021916351041150386,0.010157476061502342,0.008853264424158288,-0.023856139502083894,-0.006524013852651493,0.012803241486013665,0.001536218358711696,0.0009165433261455042,-0.014369539445755223,-0.011419099593561948,-0.004372032861140187
2018-09-21,0.002355478287751343,0.00969296578078255,-0.00015875223389514193,0.005173142671579109,-0.002633380639435799,-0.0071471611544686505,0.01303023055750311,-0.0029452700442180258,0.01281189569714721,0.032615164215405626,0.003085795566863994,0.0029291811462470807
2018-09-28,-0.002876416433973512,-0.01744282352168372,-0.05859566836425168,-0.017403565597914162,-0.015344263966952997,-0.02138234042498694,-0.010813680143235135,-0.02116039936514523,-0.016810964243543197,-0.0121918258562663,-0.01496804907063723,-0.018460900957713987
2018-10-05,0.016773033679363027,0.005086803263111936,0.006294909992505988,0.00931772723795669,0.01070607222353971,-0.008975011199627259,-0.040675295392902946,0.0170392704641562,0.002857350670905116,-0.003461666614269771,0.015408488557158852,0.008869152492605534
2018-10-12,-0.002883227027789017,0.0001896653190453864,-0.004605126717780526,-0.011026238552320445,-0.03516788512685669,-0.010896826417260776,-0.017560435920898003,-0.010799270881775477,-0.0006652334350438955,-0.010436996963589174,-0.04595071108376304,-0.016387560967973096
2018-10-19,-0.024544283589477005,-0.03871295155101524,-0.0186631417965333,-0.007145887240667459,-0.00025040674139404804,-0.04153389125407362,-0.010744418328031767,-0.0010109848972833613,-0.00968855897926382,-0.01597277197175569,-0.030710781533335833,-0.019638929885755343
2018-10-26,0.015753916067411354,-0.02247555762347092,-0.041365711740567114,-0.007792193856568581,0.014178014249675944,-0.04678633855062399,-0.029384041478788828,0.00298909305272479,-0.010556357618258638,-0.04297886616623525,-0.012065091068415437,-0.011233982813467571
2018-11-02,0.013630225555051553,0.01564450299523092,-0.009662904739778641,0.01742754564913145,0.02110483376377928,0.007629968527659684,-0.05189233868801499,0.01710174684210362,-0.01366811803056178,-0.04351027939632274,-0.02149273022151972,-0.011996086407138694
2018-11-09,0.00377232565392448,0.015783609742228595,0.008781082195181504,-5.592653634714918e-05,-0.0029073652837962086,-0.008246963373356057,-0.0005451058572940172,0.002693428802015936,-0.012241536079498547,-0.011369000902770918,-0.03275986563483957,0.0170320816697336
2018-11-16,-0.0071076211932845695,-0.0010838009972705116,0.015834430328057945,0.011177430550735324,0.040978609702941815,-0.00417948234608405,-0.016010619439315525,-0.010965866822881401,-0.01959942805169139,-0.018691378900634815,-0.014220195655185603,-0.01363122058294515
2018-11-23,0.0009679859805047568,0.006049833699640205,0.018811901308084158,0.009070151172870765,0.023471585407624944,0.0017658506644136031,-0.0025314000261858023,0.0012032547617449687,0.006640574247595928,-0.006818149465174869,-0.0004971360778990271,-0.0041159121956928415
2018-11-30,-0.013828233407115673,-0.00938457974786562,-0.026003937979020893,-0.023991329939042755,-0.022315248124034504,-0.01064938617919371,-0.01912821872155988,-0.0037970448086307304,-0.02368676068115578,-0.027627681242231836,-0.01334769547913582,-0.03420707045109308
2018-12-07,-0.009843523428583217,-0.0066003072591639435,-0.012486425355658519,0.0009682861183560308,0.011243050383866754,-0.03365412530428101,-0.032532301246745554,0.002766866107480651,-0.007943361660471444,-0.019259999669631288,-0.003110881374262872,-0.006043710248560477
2018-12-14,6.221948778402896e-05,-0.018109052166914247,0.007529641045040496,-0.03338156661555862,-0.006688888076692622,-0.014610196880980532,-0.031146997580602062,-0.02338047230575862,-0.02011931091667414,-0.03764543597358121,-0.03380351476316155,-0.0033081546139644594
2018-12-21,0.007699309615912814,-0.0011195704658147477,-0.00046526912917688873,0.013917311933208398,-0.004013769599314358,-0.035696496483523854,-0.018029168194531743,0.011593657698111765,-0.011143222736916154,-0.01702478528946552,-0.02160465245822358,0.021307890121565837
2018-12-28,-0.006527062832033911,-0.012314321448669634,-0.0009167652696317204,-0.022261425363403645,-0.007739972948081188,-0.014028389270786888,-0.041008133966906286,-0.00029926830146830995,-0.013736558836442769,-0.03346270042007574,-0.023078566312955802,0.0027683551824808834
2019-01-04,-0.005522409993811841,-0.00623901663538872,-0.01863381151790177,-0.016630581696210768,-0.013227418338394054,-0.03762601365114282,0.017360233415698617,-0.03850710875989734,0.01350769163939441,-0.004987584571785077,-0.0031442371406591486,0.006509792275889073
2019-01-11,-0.016649803359099467,-0.008702569104823326,-0.0016749988269143484,-0.002231924093760448,-0.014998302916813368,-0.02196658173144307,-0.03758473899022099,-0.018277547526093504,-0.0031935529289621695,-0.03899251840171544,-0.0016420924328657306,-0.006925122524977983
2019-01-18,-0.0019482471364196162,-0.01343077740192408,0.015523050016097497,-0.0035950593588283688,-0.0043928198266647706,-0.008996598310315927,-0.01362241434226774,0.003853547307419467,0.01658745355139734,-0.003707084445063064,-0.009784732040372817,0.010098625438768025
2019-01-25,-0.011078650194611224,0.022045825691196046,0.01423119719656756,0.01896123860142886,0.010701796507816335,0.003402231582729031,0.008669812359952418,0.020927967605684644,0.005554533123744019,0.012298293788503318,0.006164806024183175,0.040357894571629735
2019-02-01,0.005052662390254377,0.004348695525516252,0.008271224216139414,0.015111205471403554,0.004126209809872978,0.002942060779508202,-0.006350472432741701,-0.0026310713133423703,-0.0009778494918894977,0.01227087252885365,-0.005564109687867479,0.006849961239964054
2019-02-08,0.0048684347084220645,0.0027875959283073363,0.008015365539230608,0.021647238147734695,0.0034578455378530245,0.020593308162030893,0.00232467650884316,-0.0015848000645192813,0.00030641961297174725,-0.009789490337188424,-0.0009682391683335326,-0.0013072578741691796
2019-02-15,0.02177724209098372,0.0023539190044904257,-0.00692859108217511,0.01323214723740768,0.02039225965823295,0.008535695530595626,-0.009995012621668858,0.006751293765495666,0.013214498616389443,-0.00758151310276803,0.006526538645903234,0.012040150883438018
2019-02-22,-0.0035448144136855904,-0.019675237634252087,-0.029584438649200618,-0.01970155421951718,0.009864043170171866,-0.010098329908369008,-0.014775847211602619,0.004252334130746227,-0.001346497085437572,-0.00031457458361501143,-0.01052389201192466,-0.016899681850313226
2019-03-01,-0.004367699523184885,-0.004592599473193434,-0.027817679796837955,-0.032701280362107836,0.01045010584397164,-0.00388789019020184,-0.01515564565887166,0.006947709636853738,0.005047646020533733,-0.010934273870918785,-0.017142643442781783,-0.009887667103034094
2019-03-08,-0.020492134526037677,-0.018395436368537108,-0.021431032562826,-0.038963922570068636,-0.04139792800808462,-0.03115024838088182,-0.0411940182807558,-0.025790262308540174,-0.010170836813345177,-0.006186629452572041,-0.009734846988772947,-0.025642949287872308
2019-03-15,-0.0028215248179878786,-0.006688547671397895,-0.007822083964780062,-0.0021028982628703108,-0.0014626918443698678,-0.049185554550032075,-0.031608981435389705,-0.01100343497721027,0.023838131608432653,-0.017741272279188633,-0.026385258185132893,-0.0006839864556377208
2019-03-22,-0.041958490945333916,-0.06279069406547096,-0.053706810035868364,-0.05104032597943027,-0.03773947078975802,-0.04046696842440558,-0.040993149786796725,-0.0036584625312061445,-0.02748318058478231,-0.07989063860736556,-0.047927358555328724,-0.02710036000724262
2019-03-29,-0.011940185475934562,-0.06450236308297089,-0.09239113447739432,-0.015033738281176896,-0.003569636833253321,-0.10218647579402285,-0.07248424805974596,-0.02115545326700316,-0.03008779880822255,-0.085209382347154,-0.055040380121134734,-0.01665041058425235
2019-04-05,-0.005541709718544344,-0.01433518196811389,-0.06976918088065723,0.016564286323172965,0.003040344274466306,-0.047295135857280235,-0.14760385847301308,0.007493044484553358,0.0030980444664160966,-0.12367485370078166,-0.03766541461649846,0.0015744367567033794
2019-04-12,-0.020467293916869654,-0.02477979832123392,-0.037046645842796856,-0.018470857480715475,-0.02201411568031642,-0.03106776202913099,-0.11625182320925455,-0.01936506667719509,-0.01545931782044577,-0.0616111592854948,-0.12168573407536219,-0.01740329927293465
2019-04-19,-0.01875033497646172,-0.030190623346468867,-0.0036400550814718914,0.011056127043634944,-0.008792475434741586,-0.03030831496609826,-0.05145027495620542,-0.009300925013494938,0.015051021385305037,-0.03194362706400618,-0.1331243042584213,0.0027242873689337444
2019-04-26,-0.008658179102935495,-0.02431098947264606,-0.03232285447508347,-0.016045153971165894,0.007339991743471607,-0.01598523037076604,-0.01895856279927932,0.001364307124644294,-0.005868196180891454,-0.022575079049534597,-0.05473295868101427,-0.0034486256353410314
2019-05-03,-0.02234273124770521,-0.02609700972092533,-0.02866556628819839,0.0024816143923903416,-0.005801944100346899,-0.025951796700954443,-0.040582653452655916,-0.019260741466471113,-0.024535308250562913,-0.014515882910845362,-0.024399183975672256,-0.008958573825114075
2019-05-10,-0.013324476702791011,-0.007684978212922997,-0.04192004698124054,0.013634998166728455,0.002375397792734169,-0.013233809750569099,-0.03475669695372856,-0.003643360614373767,0.0006686411846574475,-0.035480566421954254,-0.02400434501302301,0.0012071014551286842
2019-05-17,0.003329716476419439,0.0025877630377415294,-0.01061070036535185,0.003971501165420522,0.004586601588236858,0.007997898281885598,-0.036266852622637055,-0.0018843890297581159,-0.009540175317228883,-0.014182288672923437,-0.028039356973716668,0.011449657675990451
2019-05-24,0.02365190088961056,-0.0015061431960733344,0.018003722777625124,0.019654365470831305,0.02639335853941571,-0.010429321215154486,0.013889131927547656,0.020347569186745892,-0.013056388534452902,0.013242403337963275,-0.01965136338345649,0.007680599669975463
2019-05-31,-0.018359743878676827,-0.015058504965256273,-0.020569979254537823,-0.009053623189026399,0.006226157897397359,0.0033029725709111907,0.01010751468698223,-0.01053231831007624,-0.009438015056723618,-0.03680415545473818,-0.014482743705543186,-0.004529550669614905
2019-06-07,0.004584595858126108,-0.003427376522831151,0.005906006722544096,0.016887355724386405,0.003772408629786765,0.002320803702663101,0.00022496772059488537,0.015927885533148636,0.0021276555500725383,0.023940340054533136,0.005052704656543429,-0.007331560591690693
2019-06-14,-0.012951461405899973,-0.016142798010933247,-0.01427115626137455,-0.01921944615086099,-0.007386792761410809,-0.011578501397733882,-0.011540418180207653,-0.007010225784509591,-0.014129692905400682,-0.011271676186413742,-0.012494098770433603,0.0006566779568211411
2019-06-21,0.026909585209930316,0.018032384175384476,0.011523930073365135,0.022647112560071007,0.0344463669722404,0.023223633974174426,0.014221424427010083,0.02863485363947398,0.017766367206149856,0.01513943359138851,0.01617950929511588,0.015545972239427398
2019-06-28,-0.004470540639556361,-0.016284676820553488,-0.007673484041536555,-0.029004909512287645,0.003300310272474705,-0.01233219253255639,-0.004358442413654505,-0.007006441927145804,-0.0036981862542509085,-0.011872307294229676,-0.004225207740009312,-0.019658989878595996
2019-07-05,0.02036125031961103,0.011268213976955052,-0.0023253089218888603,-0.0008718056442887727,0.006800891342683412,-0.017078005973870904,-0.010000625544370985,-0.0027499147865967582,0.011458975258872869,0.0013078287060353366,0.0032448963856598462,0.0024101894973198685
2019-07-12,-0.006256049784109555,0.0033911273309014944,0.0065750294172761264,0.004969053449664297,0.0009231900878316621,0.006567198445080239,0.003914032571637345,0.02246752598321813,0.016671338053751164,0.015783856718483744,0.0031993732536181084,0.008754864382213167
2019-07-19,-0.00538476570106035,-0.010732185768389982,0.01920124091666713,-0.016827331228080843,-0.021495985941118362,-0.02014952594680136,-0.009742632195373744,-0.01584607651781418,-0.01064473176255346,-0.016078537462488652,0.00045404713869505144,0.008082833892800895
2019-07-26,-0.009695484986330943,-0.0068262801858058105,-0.012473064514991201,-0.009562618383753479,-0.0054756157723095476,-0.02499553853138583,-0.02541250125498162,0.007597845340995973,0.005246715311985827,-0.030678173424577918,-0.005573022121181829,0.010985221500262996
2019-08-02,0.0012503880023835765,0.016135879639221983,0.0182124429871768,0.01906003157856281,0.027916176797562448,-0.014266510172737057,-0.020903858805803185,0.023295366474153943,0.00964313372624294,-0.00830334409593821,0.0015127435368538292,0.008907330941805213
2019-08-09,0.016692442746551774,0.0028891050832825773,0.012769709883847975,0.011238044537632259,0.007329974186297047,0.0032199025312177366,0.01231095922191079,0.005617201748777778,-0.004672619127253981,0.031277539139715836,-0.006734935981903445,-0.005816633643407248
2019-08-16,8.251991229059688e-05,0.004535940469530069,-0.0014997857557963123,0.00428614931092062,-0.0013428454170563541,0.013186649431537434,0.008396629273106599,0.01413007075004261,0.02826449907048751,0.013476177229693529,0.016923918250985437,0.029495448044243266
2019-08-23,0.0002523561171403335,0.017318346593625477,0.013459849507574076,0.031293623140333966,0.026364640887379217,0.01936635673839414,-0.004780566591884874,0.024152659322661224,0.017992398252546424,0.02721958960801108,0.014557026972693147,0.021531215355000244
2019-08-30,0.007227041385509538,0.012265897884828661,0.05641663968120115,0.01558785300618661,0.013557695017835701,0.006104244325234435,-0.0012820083365624405,-0.0008626081815910351,0.007937177358998604,0.011486158111844188,0.01384780127141225,0.014227922028655728
2019-09-06,-0.005282448395035727,0.009151122108497636,0.012433035360015927,0.005102980899208282,0.011579110987332199,-0.013502758779321097,-0.0029537637997387022,0.003152302629047204,0.00419068572011157,0.00425799336323151,0.009159249076225513,0.005273707682130976
2019-09-13,-0.009940383691474606,-0.007012102501856651,-0.014464432563880336,-0.012564211502296205,-0.010131696325848347,-0.015224567386482424,-0.009054785303817852,-0.010884702948570513,-0.012968411619024678,-0.014612576635486728,-0.005777385076907083,-0.013923637979120674
2019-09-20,-0.020663656121901873,0.006657673205121207,0.016771539208228468,0.006312992760910225,0.015037268432669209,0.00430300872227808,0.019123853148552594,0.011451911412197436,0.054867587629456274,0.013789874216190653,0.02857545154878519,0.032987788768423676
2019-09-27,-0.018774736161367645,-0.036802766347350926,-0.029359687420365554,-0.03037091708000057,-0.026675861658167332,-0.029052680261734454,-0.01049742578133426,-0.019978517714518,-0.0038555304226125676,-0.015640790965281384,-0.011408422886635813,-0.005049629932515419
2019-10-04,-0.00019667306707711065,-0.024587397590908066,-0.01252232085646543,0.007824411000495572,0.006379295680924529,-0.039313468786694505,-0.02457416004839162,5.343908776631978e-05,0.006855122207478959,-0.009062382311555954,0.02331362670509933,0.007746673165771644
2019-10-11,-0.011727293196712845,0.006966379400044912,-0.013166935542191536,-0.0018546266627392934,0.013033303579688087,-0.01714624921027814,-0.04026846301727999,0.0015057135549710588,0.0016846122327889316,-0.01966162405433398,-0.013139445509791962,0.0022848449896206496
2019-10-18,-0.020399893028546903,-0.03209453789431118,-0.05668849304538359,-0.023319523189843594,-0.0362731677186891,-0.025735932745075463,-0.025936955421778648,-0.02475632605006804,-0.01228027597002716,-0.028702333267680433,-0.043998407120153286,-0.0030615147692258982
2019-10-25,0.00415401536953958,-0.00806708230755834,-0.01659586064168509,0.0033072241958197225,-0.004333633641414633,-0.05172859084634719,-0.04683455698256284,-0.007680313815727984,0.015669416233924233,-0.016324971543074107,-0.024308431149714177,-0.012193013565531373
2019-11-01,-0.010807194995614356,-0.010316112784113875,-0.025579211351509586,0.0024626926013678846,-0.01181064089766792,-0.03148783227656501,-0.07299263380639247,-0.01334042046754327,-0.008792814603892852,-0.040793326794683435,-0.035575876713485735,-0.004091868348258286
2019-11-08,0.006222963891768053,-0.006158923992447761,0.012387753579381138,0.003615645442712012,0.010481937552227335,0.002603962243288874,-0.03883610165283137,-0.0011768305467667478,-0.007832258354223699,-0.03704677194833214,-0.05226367149702778,-0.005033333577055605
2019-11-15,-0.008574655566568194,-0.0009392843891483773,0.0023669464508055808,0.007219787965842877,-0.007882785547786847,0.003332949438682485,-0.004848447718862025,-0.009164263011140178,-0.009692037763358216,-0.015438727994220634,-0.03591039011335647,-0.012164463062285392
2019-11-22,-0.003180995555551367,-0.012992229655179842,0.014818644102775523,-0.0036737941082866828,0.004616337228058894,0.0018851118931542713,0.0024884059267726304,0.00153501064182132,-0.0009746761948005373,-0.009398085842786352,-0.0029465036851473335,-0.016987114125142436
2019-11-29,-0.0003604970317570874,-0.0002508608702351182,0.002956398491550438,-0.005231009607256307,0.022386933412822937,-0.00011577099578524014,-0.010987161743964156,0.001456640741210521,-0.003329314281235329,0.002579054168610981,-0.0013747511683496548,-0.0006570170420844587
2019-12-06,-0.006479231485132425,-0.01771064683937008,-0.005079317785679302,-0.03619985603584372,-0.001319479590095652,-0.019709466267325434,-0.0007333083983162431,0.0014405001943313103,0.0005861724273326999,-0.010271660590095516,-0.0034295659512881397,-0.002053558286840698
2019-12-13,0.0021835034191312118,-0.004880683562999626,-0.021231255937828396,-0.010618129727541753,0.006213397616582128,-0.014645007858515111,-0.032674917434677965,-0.012201784781655902,-0.012080161164476357,0.0050327152336023286,0.004916365105088485,-0.009363750249848604
2019-12-20,-0.006731541142293019,-0.01558411726825983,-0.02058403076467635,-0.0023737839686631453,-0.02729723895603437,-0.026557063561161047,-0.04441708166747005,-0.03041658661443723,-0.03664984641957262,-0.027035971452208887,-0.03610296758383076,-0.025923422187400045
2019-12-27,-0.007070981120586717,0.00752676324272583,-0.010097389866787886,-0.0017343801633226798,-0.004325984489797573,-0.032449029989213056,-0.02933346479904992,-0.002980057551837335,0.005665839614867373,-0.0696910260886764,-0.02078342879872701,-0.009521385249384234
2020-01-03,0.009554938200927413,0.0004035799629433901,-0.0024419318388198123,-0.0010087746099174445,-0.00560512715107448,-0.01657470208772374,-0.04625845998167357,-0.007953212106352772,0.005998814176075098,-0.02484043239796199,-0.017283782308268936,0.00018852748888722375
2020-01-10,0.008312439418789315,0.0059326570511388415,0.017921261345606218,-0.010998623906134725,-0.003369782004800839,-0.011359078895206398,-0.029278943089381233,-0.018479889616886815,-0.008213886089294816,-0.019153424937474513,-0.04894291983867677,-0.0061417756517239625
2020-01-17,-0.010973446325691846,-0.022470013963035287,-0.016726333727046714,-0.015092215877383025,-0.018807097162258847,-0.014106836975186008,-0.014354182840518565,-0.01101137816116539,-0.0006958685042537685,0.001990053971019079,-0.012286160942456261,-0.009121802129889011
2020-01-24,0.007732239690839629,0.005707306441689217,-0.00562969732231247,0.019011472106662552,0.01217542653087664,-0.02939245480949817,0.011319232895270924,-0.0036809607536533815,-0.005847547537763716,0.01367090080846467,0.0005049663708990796,-0.0020789675106217386
2020-01-31,-0.009280208907476606,0.011255963154453997,-0.005149761143547649,-0.02391841320587207,0.022938105425593942,-0.011388340995653248,-6.040315422551831e-05,0.006586230458151657,-0.01886896823898941,-0.0054814025350662186,-0.013956600901591306,0.002807685731947323
2020-02-07,-0.009512211332821654,-0.0003851045599508828,-0.00212388250787497,-0.010984703261402653,-0.005405820854820213,-0.007897410890103788,-0.005073728506116185,-0.004924470222725023,0.0016025895760588328,-0.005985510946223703,0.006663923696773327,-0.0178692316627378
2020-02-14,-0.0006046043125013341,0.004239731884925511,0.007880162153453564,-0.006413921280292076,0.003112512906154329,0.009651897649366055,0.0009995805415203474,-0.0005602056723839828,-0.01326027470516527,-0.0050868204488732,-0.0003124254036258703,0.023232132352683565
2020-02-21,-0.023840599910558855,-0.03737965077409821,-0.02751182648966656,-0.03328562755418853,-0.03825383937659658,-0.03957532678880587,-0.013225659150466616,-0.01833139523204877,-0.04560382181394549,-0.027726131955992092,-0.02322215515356229,-0.004997554565662764
2020-02-28,-0.010465812651342023,-0.034493981676017915,-0.04507648762590882,-0.02633035660614346,-0.021530705696404882,-0.08392827758226439,-0.05906074713582621,-0.013246718643975192,0.018125259099338965,-0.0749279426044317,-0.013698760414105313,-0.004419400698920102
2020-03-06,0.01143847700120107,-0.010631992424628162,-0.030784077615786422,-0.006456245462457982,-0.00027608310874999826,-0.0412904054107186,-0.09948465622503776,-0.00016568313645411463,0.009271931098929901,-0.06595290961769207,-0.03127875610527845,0.01342827840136649
2020-03-13,-0.0019287443222599115,-0.0008126241685568057,-0.012910536039144604,-0.003978885752075805,0.005303530190355344,0.003349729495378506,-0.059670571716115534,-0.0044118325668407316,-0.004295800422431885,0.006802924838109303,-0.0668455092297696,0.0032664415679685413
2020-03-20,-0.007465756746225016,0.0023770231764484646,0.0004934261314837719,-0.005665599287493353,-0.015239989782758317,1.0864780405679285e-05,-0.015492897105663015,-0.015308530099866834,0.007557695726527515,0.011834140321847238,-0.025020636325101965,0.009890370860961744
2020-03-27,-0.017795557412210183,-0.018110102769209768,-0.022237933774098714,-0.014985040452038233,-0.0095519117560532,-0.0342850178940507,0.0008315327299887238,-0.03942191164145389,0.005673589304606084,-0.010827367408452566,-0.010221515445720853,-0.006574507262381415
2020-04-03,-0.02237620120198632,-0.04712697278927299,-0.049868137089427354,-0.03937194026078755,-0.04318950798394667,-0.04229665984920775,-0.06272384569877501,0.021043376940063935,-0.031177682850654576,-0.05456092516996125,-0.026830444437111935,-0.01174726613499462
2020-04-10,0.028196289859243974,0.0170006741433083,0.0005040134397522253,0.04114283260563675,0.021018400793193802,-0.02310796423040023,-0.041264104381139706,0.03677417573887362,0.04437601387129561,-0.027382424798465022,-0.009874069634000386,0.04047980048327624
2020-04-17,-0.0027263363091084417,-0.019977995643957636,0.008636207228603508,0.0014748168453722703,0.021727991939169675,0.002503614974968978,-0.011220672088301735,-0.0026769533441433633,0.00423937650389577,-0.024195594983053206,-0.008809283179468663,0.012983641713857201
2020-04-24,-0.010911858055042694,0.00443445715619638,-0.01604786706879341,0.003235805489283172,0.00916130009169534,-0.02532227561182521,0.02685123003027442,0.012361260075392668,0.005313662262716667,-0.01210038919800716,-0.008604181579900155,0.003649699480176645
2020-05-01,0.010495050504737544,0.012458107518116206,0.026613118917066067,0.027946866160942305,0.02581848367234146,0.016928377635937505,-0.004997271947059947,0.02111440592263333,0.022528531718744128,0.00012771280686966514,0.023085296829688316,0.01311953065614052
2020-05-08,0.01898697221563873,-0.01725696868281835,-0.002240917740920988,0.007069210657668716,0.0018626436098122538,0.005228439988768325,0.007790627958474651,0.002853777589011633,-0.009155809910844626,0.024508299449331028,-0.0016601170977768194,0.000238476932602314
2020-05-15,0.011549016557328338,0.0007475087807206078,-0.01978879685873578,-0.0030212087975866686,-0.01217536063644656,0.0030298311127946315,0.01069361280977869,-0.00030742443425062877,-0.004542600806616226,0.007237560702775487,-0.0008661515714059895,0.0049184980788471
2020-05-22,0.004243428125047897,0.01418030861343785,-0.003052084502859511,0.0034865746903211007,0.0031028382330602388,-0.006589505083201669,-0.014475380058146964,0.007235979663104971,0.01016191500403681,-0.006768654174482571,-0.012099442722330196,0.005579534606367413
2020-05-29,0.005152379947919865,0.017824954026762273,0.016230502815764675,0.030949631673399775,0.017706405132478027,0.012769547990050431,-0.008628077089842433,0.00120633847399994,0.007628601623133263,0.012731328654332437,0.014953903922768517,0.015702752188611717
2020-06-05,-0.018971739835427007,-0.03626400213044888,-0.004724027491157381,-0.019573657300402773,-0.007760526752279493,-0.014189999319014742,-0.011645936093990608,-0.014232328720545027,-0.007398957173564392,-0.02293309323428691,-0.002237535264992716,-0.008405260809111446
2020-06-12,-0.01148957924011479,-0.034239600150035306,-0.03919956874710599,-0.02423840973932277,-0.022084492921638558,-0.05293349045587948,-0.03623167536058182,-0.026173524443236274,-0.003637410171796176,-0.010785724486899916,-0.015452674966118612,-0.01622058002984038
2020-06-19,0.003877204509209681,-0.006996647012188972,-0.008074094561445554,-0.011093456038841836,-0.006138867496398244,-0.04360859161998032,-0.06499669065764486,0.011354211813791322,0.003656410801759184,-0.03395047088351386,-0.014802011979898255,-0.010571743213858432
2020-06-26,0.002082235074580414,0.005746120257398106,-0.020510866895681306,-0.019054589792790826,0.0032131764889971825,-0.007485325750530505,-0.05507533426851873,-0.01389066304537922,-0.018078164561726215,-0.03794936556000105,-0.059075240660867556,-0.006417182940910398
2020-07-03,0.011708477704877538,0.03333856027082504,0.012430648797216379,0.013314412807114283,0.018876605158642985,0.0044560127347360885,-0.023622228272464713,0.013334759516636398,0.011823752624163872,0.005491930283477886,-0.033953807864218394,8.112134268839358e-05
2020-07-10,0.0071268271584227685,0.005919488988260333,-0.0017151251380580004,-0.0041533815800466264,-0.011558218147375924,-0.0035122371827260948,-0.009888232536573031,-0.008828803042576425,-0.0009017800678356943,0.001144690164134009,-0.013690842976918877,0.002679846196652593
2020-07-17,0.010257831305629817,8.688221846489818e-05,0.014628896933234492,0.022124765600177898,0.005703852684978426,-0.006100557575434314,-0.022014402231393435,0.00664523750589405,-0.007587085776990385,-0.01243518152522844,0.0039047068794069192,0.004265969842477584
2020-07-24,0.01240665664636938,0.016626290056753323,0.00970378878599481,0.006804589004223583,-0.002516064550515442,0.007518234581654846,-0.007116023000024004,0.00844166297703444,0.005472367105757792,0.020135761399263607,-0.0005905181307918807,0.006264502599223537
2020-07-31,-0.029799006201564227,-0.020773048839775463,-0.009782928864204407,-0.018754423364616964,-0.005557528643011619,0.0010650438106817055,0.0015090756445572812,0.019860487336975402,-0.003978405707323159,-0.016237631090600446,0.0005212229113745627,-0.012071388539340443
2020-08-07,-0.03850214107292445,-0.05236733997082538,-0.04051193361849639,-0.02417335503206352,-0.03299001401541047,-0.026550640923320906,0.0019023587198498568,-0.016139699810853943,-0.016225751589170046,-0.01702082765547002,-0.006350522567695912,-0.014533213882035314
2020-08-14,0.006792222020680067,-0.03624793794759347,-0.021309581856009962,0.016959748881412235,-0.01258297421858518,-0.05702389271430988,-0.03792157720815824,0.015197752971420961,0.0032977384040700866,-0.0028190340062655226,0.005949506207238883,0.006644297064502481
2020-08-21,0.01920815744125917,0.0012187271256571845,0.005954353934485318,0.020216503791087453,0.009888567273643794,-0.026888127104345256,-0.06646278038037004,0.007039868359445396,0.01142220919110293,-0.015518941900032678,-0.021467697335952204,0.007637928521208063
2020-08-28,0.002244504179141962,0.008493344157250775,0.0256586560414315,0.0067151850825766125,0.005883497560635017,-0.005706906808197693,-0.014104044361160698,-0.005196011493620636,0.003963323584384621,-0.0012788653520739,-0.027576112774168708,0.004374878862976495
2020-09-04,0.005548930957104869,-0.010816311624891215,0.005269255571920702,8.944787194058504e-05,0.002520431920584759,-0.0008985666811757056,0.0028906894225681247,0.013605528793574352,-0.0009212806191911279,-0.008962969242571617,-0.02145465981317092,0.0004889699121815483
2020-09-11,0.022189957526059654,0.014547288519797226,0.009016893344538777,0.022809593559461255,0.009618153043331445,0.013197017850535918,0.010272027241894058,0.026941720135386774,0.013932642027323389,0.017783668911741927,0.014116096341421544,0.0036646546202559944
2020-09-18,-0.021463450456179964,-1.5648132052201256e-05,0.008998204996576997,0.011781493879705379,0.0020310682217415726,-0.002417905656215311,0.005130709997858859,-0.015066485326033933,0.014725225760163252,0.016367222509848376,0.004656760029141948,-0.007182823617071406
2020-09-25,0.01044550668263613,-0.02972193888017892,-0.0030380978726175993,0.007158722752132484,-0.00969906470335927,-0.0040703519997550355,-0.012846780302011513,-0.009597480678829118,0.007313692344388079,-0.03389877439663171,-0.010964463141289675,-0.015442171749012322
2020-10-02,0.004891392644450605,0.015016559951056179,-0.01305503635501318,0.020983962121195947,0.00799620987844714,-0.011058590229270197,0.005286630233746497,0.0023086345332988785,0.008134672761853385,-0.004672358566175936,0.01903988906825391,0.009245565256187263
2020-10-09,0.02045969968042585,0.011610459844738175,-0.0023328737752638944,0.023215667741709627,0.008627240181861845,0.00988762195989216,-0.004592566214376948,7.348315890044955e-06,-0.017270002163437412,0.005774117733574042,0.00492918145841286,0.0022605388370845027
2020-10-16,-0.0069110925229871195,0.01473105558464015,-0.006703569249601048,0.001334486707223014,0.003985468286429761,0.002115829545242858,-0.005524314462097228,0.005861604937749821,0.0019439223419277071,0.007244436169264384,0.0019955987666133313,-0.0051511647850976325
2020-10-23,0.0026956269264949706,0.0024931131588805245,0.006017403678720808,0.005469223746071517,0.011410221829762925,0.003757354085927645,0.003326020946178316,0.02199551076802781,-0.005677202400329307,0.008596616647196754,-0.0027019464829292927,-0.009044584573933106
2020-10-30,0.010489746945739183,0.020475231856616084,-0.00010019552658327034,-0.002231602086564309,-0.00605293528664353,-0.01000337942572451,0.0020087320543643286,-0.019391725770292276,-0.0011450206473847956,-0.0005993790150625958,-0.01324751391985129,-0.0015128863469340253
2020-11-06,-0.00893437698754424,-0.00395914446275182,-0.010359086337008227,-0.014072211504282787,-0.026013721471891387,-0.009926161691108569,-0.00706825908620139,-0.00023155016503819997,-0.0024525187276655588,-0.010284937633728269,-0.005112141152286181,-0.005699470598779997
2020-11-13,-0.004714446815225202,-0.01704954447579734,0.013009266765486648,0.0034200994487334686,-0.021063663540854004,-0.03626087106065989,-0.00818740125015544,-0.010711076029224817,-0.012606326523606694,-0.0006589075245891974,-0.008824976800212304,-0.02068326474736558
2020-11-20,0.010919583338779414,0.0049691777711029375,0.000263549255882815,0.015563390569132389,0.005046981841016618,-0.02906221974024651,-0.030929206567541723,0.016453007720351548,0.00445006409823776,-0.03979495404683348,0.0016643093362179238,-0.006499453266725018
2020-11-27,-0.006337080501584361,-0.005949535179318967,-0.014381669281871734,-0.0019019369210079625,0.0021710994795908186,-0.02310445998801831,-0.025343850030503674,-0.015623201252277815,-0.005557755316736145,-0.039389304564180105,-0.03278362883998451,-0.01611016698580181
2020-12-04,-0.013713075525213145,-0.012778602336626,-0.00017929913964149927,-0.015357803195593057,-0.046132965803246495,-0.02532329430520936,-0.0533367998459614,-0.030004421582091722,-0.012172244923267437,-0.03039120336409766,-0.07405369049065047,-0.017122891707809014
2020-12-11,-0.009909038219360476,-0.02685873800785081,-0.020430958208662073,-0.006348856757287229,-0.023597162867692367,-0.06323474368515725,-0.031815185654136394,-0.015301476957121397,-0.014671047129987765,-0.03536937037409321,-0.045046975780878566,-0.0022637863754527768
2020-12-18,-0.028635043942139234,-0.051837753791636444,-0.03239888086080819,-0.02993178444637695,-0.018633060567683872,-0.05047103499113409,-0.07797976837521386,-0.013721999946936122,-0.003592140613431569,-0.0583939594036674,-0.04431071376160925,-0.00517321126420055
2020-12-25,-0.0057702205477952115,-0.029845099589163347,-0.04933049251553982,-0.001625959851880512,0.005070011508392994,-0.04301285471551147,-0.06963830888586396,0.005775680304383158,0.004853726524092778,-0.05454604695237834,-0.0568471190952351,-0.008493401273119015
2021-01-01,0.001304248404336481,0.005468405910217989,-0.021108373046668266,-0.0007753502677287313,0.005211712604157364,-0.0312755002899329,-0.06965686092050564,0.008210696037975258,0.005316786365463885,-0.024467367423314807,-0.039124598679710604,-0.00207009595812155
2021-01-08,0.0045569549427275195,0.006507507873401632,0.0011785553845027356,-0.007505517898589302,-0.0075613051198144595,-0.01362545441153056,-0.05025570363015762,-0.007613546078678239,0.0015532506578781508,-0.01359393689446698,-0.026844940354922922,0.0028630404238391633
2021-01-15,0.019600802587960216,-0.019263937694768987,-0.001407017742200711,-0.013763478090212044,-0.005518351480653093,-0.008663586254966863,-0.01952872936424456,0.01096250158257289,-0.00748684443768932,-0.012261091922698147,-0.04026374204196236,-0.018088039722701368
2021-01-22,0.014321167273687234,0.010717872379062304,-0.000482613580071194,-0.005958623173382962,0.008570118362746527,-0.0021555107738450863,-0.002318299392255439,-0.017563124310152962,0.0235830888396888,-0.012004243566555405,-0.01747799817228996,0.007003609519445125
2021-01-29,0.014470590618874957,0.024454916906797325,0.033282176378226676,0.020708223159369862,0.01580569388015725,0.012442830509805217,0.013880292504053385,0.00806171293862245,0.04605365693120501,0.028110786586055165,0.022191324166097804,0.021611496446895636
2021-02-05,-0.002328359287277904,-0.024933173152083182,-0.008600355111835486,-0.021849690693374366,-0.019466354649910183,-0.0097813827796196,-0.012205026838100382,-0.03582609181131407,-0.019556033647097196,-0.022811071102511717,-0.024150353572626237,-0.011745056942016642
2021-02-12,-0.013056380138073994,-0.004564810933643925,-0.03895984703838688,-0.012353423578447202,0.015820616132858335,-0.029766726618620537,-0.0017930563836425952,0.004330989273050322,-0.006951050575445421,-0.027562423351518005,-0.009869095355992629,-0.016415124641444265
2021-02-19,0.030052793522489026,0.01449617707683368,0.02042490595232554,0.038536917521629854,0.007599383573299609,0.01445510146153779,-0.044618979451648055,0.005760070014900296,-0.004684197585001057,-0.015764478628087865,-0.006475731015257079,0.0015388201255368756
2021-02-26,-0.0019706214105882905,-0.006162643891565191,0.0012274016255518951,0.005459874166571387,-0.0033483844282573678,0.0063328244978333725,-0.0009956945001567304,-0.007246890229692414,-0.007919920472600364,-0.002079635614817187,-0.03850803546225849,-0.0008024350888166705
2021-03-05,-0.006425345681347941,0.010480015896282,0.006517364224380088,0.012466489172163862,-0.006586496927261471,0.0026421936339047223,-0.002168803542300212,0.011233759205990325,0.0007599929008326069,0.006355650998884942,0.006641201914357497,0.006589264374849602
2021-03-12,-0.018034566482750414,-0.019177554529580292,-0.01968171788376397,-0.022780509538906042,-0.029718543240071022,-0.01576556409394714,-0.010692640076737646,-0.01934171997471567,-0.01304574933483154,-0.01858976421712082,-0.010681122218991314,-0.025860535722412856
2021-03-19,-0.025270224810690148,0.0036625841016338246,-0.021292371716095645,0.00027776885677790607,-0.007217882052445091,-0.04504781570457208,-0.02017148161460456,-0.004291964786536366,-0.0052916726360582615,-0.008028420179145828,0.012025579765421837,-0.012690081369365381
2021-03-26,0.011504774261843782,-0.019148814192415875,0.003529610938562502,0.013895428557504794,-0.0056506266875044776,0.01355491596013389,-0.03567660840217313,0.009206930394816433,0.008765346897978322,-0.017647128228628302,0.00343999909781513,0.014708325957269692
2021-04-02,0.00392777042619827,0.01376530268758208,0.0058182582329216505,0.0018443352693564685,-0.005124971741672503,-0.008338097898433492,0.004927014733822101,0.007562075189278887,0.02186151015989956,0.009906414376000686,0.004265476437370283,0.009311979410970624
2021-04-09,0.006351869519847607,0.011189118012373324,0.00886755594598454,0.013026704184726358,-0.0005880404877616175,0.00971468133496018,-0.001228669917828153,-0.0008098322738820669,-0.016031733153470555,-0.00042749543695971837,-0.0013032317014540127,-0.02588891429903403
2021-04-16,-0.001361092869564401,0.0054753930589256945,-0.004657725111373095,-0.001832537273496964,0.009724363848341787,-0.008809497629940774,0.0009042052702054809,0.018504576523025326,0.0003965450623453328,-0.0053973783924638735,0.006398640486107691,-0.014932704097286852
2021-04-23,0.019857909640247667,0.031438308403780924,0.013402736690254264,0.01984530406253539,-0.0006738467349141349,-0.004619801767006668,-0.001638068161345098,0.0130938062980199,0.020479870240894347,0.008745043320438009,0.0027015689914065546,0.001739935260726841
2021-04-30,-0.0016850562277240008,0.01365563135950066,0.005673621675344217,-0.008518008925084851,0.007554231314330914,0.001966601301462242,-0.009864314381888626,-0.004161694682455738,-0.0037888651600054236,0.010157894965923602,0.008226894820333846,0.006546951694744176
2021-05-07,-0.008403945160185434,-0.0054130623973450455,-0.020410067755672293,0.0022058171734130883,-0.007749704888047749,0.0026219931713863,-0.010539701315949654,0.0005353394338426141,-0.006815175509319627,0.011069683621825536,-0.0038418019747052516,-0.0011405560918302973
2021-05-14,-0.010894639528508743,-0.004870405529024205,-0.015012505668021946,-0.005443300576529095,-0.021548430838608485,-0.020691596708610264,-0.01672987742014852,-0.009662115869403957,0.0019764665762158746,-0.004211060677005777,-0.0059591711053378245,-0.008292669530573222
2021-05-21,-0.03248606182832902,-0.04551346825652495,-0.044973477081384064,-0.07242911060582624,-0.04299321153376095,-0.061394667082254314,-0.04444883574086318,-0.033009119814216,-0.033296319422878265,-0.06120793211224309,-0.031968580767611,-0.026921609730335964
2021-05-28,-0.021122723148237578,-0.0419170116967478,-0.06453844439121706,-0.03327814255105397,-0.009329165586845323,-0.09676068773453889,-0.10855264983069643,-0.01628035351629118,-0.010576968544891974,-0.09274769666976333,-0.03875271212926507,-0.000521380103088118
2021-06-04,0.009345796897229164,-0.04038454942052238,-0.018311614169107846,0.012166242940666547,0.02986277996098662,-0.030893384793011024,-0.12004392338965698,0.01288697020406446,-0.006521920427779944,-0.06785772817578764,-0.07767034382261984,0.006618100722276737
2021-06-11,-0.01781222903480695,-0.02420340496461476,-0.04737239357082022,-0.004475358903221843,-0.02072518709694424,-0.05454444998377728,-0.044337568485975684,-0.01852169547506151,-0.029449424400506165,-0.050706289905979356,-0.13074390817029796,-0.01568573365469105
2021-06-18,-0.007898551489820034,-0.02188483443252876,-0.0347187807777052,-0.0061003777652577675,0.0019144063245196189,-0.050481142429275344,-0.08221880902195111,-0.004763725443472382,0.0017258979662520268,-0.06898903981783736,-0.04946105877017397,0.0014974386166446737
2021-06-25,0.011679996782922484,-0.02035041749212055,-0.0025496905001446968,0.021527517948322136,-0.008233100955445157,-0.011319508498394831,-0.06652399019079401,0.013971461412376849,-0.0024976258974978784,-0.034489444851488915,-0.06636246749856588,-0.007172795653459442
2021-07-02,-0.012662608167320483,-0.020040365493507746,-0.014988326498969976,-0.020719302345457106,-0.001894835047073001,-0.011641946267338036,-0.018002770523614715,-0.01209460124578229,-0.004825657333056191,-0.0034298131541954826,-0.04451155971763266,0.019790930597640616
2021-07-09,-0.020579192899630852,-0.003156416193229466,-0.016075716866683697,-0.014676526899109359,-0.01600520303110724,-0.026405174837968465,-0.04535808507206647,-0.011009148299431134,0.00936275167986753,-0.023302417619666588,0.0010894234490005875,0.010981952020195397
2021-07-16,-0.010215059852621118,-0.023485309547513995,-4.041789101778999e-05,-0.011639278626609304,-0.0039391069663339455,-0.02052181934098706,-0.009001704038975537,-0.005287804567619841,0.0026922709152257234,-0.013046493707281271,-0.02372122569557942,-0.000356611964506058
2021-07-23,0.0037867429635792234,-0.00430305260330819,-0.006667636686142788,-0.0021689151527639243,0.01891155843448093,-0.002248366930423072,0.0006690806502272616,0.010450994365905306,-0.025504117394849837,-0.033523199250719865,-0.0037339323238429413,0.006370452333255798
2021-07-30,-0.005922467170564673,0.004344413086419734,-0.023863183610785873,-0.019133420559078,-0.008113801169271177,-0.015574223880896847,-0.008327933344335325,0.00019631290263153963,0.006833311143686054,-0.017465700421266498,-0.00190154739280067,0.0049793754520811645
2021-08-06,0.01937875117014751,0.01904768429267502,0.03175942249463467,0.02310320954582136,0.029844171689552113,0.036110717694961686,-0.00551892559923276,0.0338926702680088,0.02924483881378834,0.028984651424171053,0.022537638406612787,0.021913106344568202
2021-08-13,0.002877478790452327,-0.006107857258554244,0.012029682029583308,0.007996638330225169,0.018006583970260254,0.0056404692695498,0.0023568587012333456,0.008238822709616199,0.012605519337439204,0.016557940871475482,0.006264788293182637,0.00735167128085251
2021-08-20,-0.008707884503795128,-0.0024895263726737995,-0.0071733750459305945,-0.016202955655065535,0.0008283461222230869,0.01085609395047983,0.0021796428340440134,0.00021846415317523945,0.0026715287682191045,-0.018697838280942448,0.0021386251216946113,0.008249432215359205
2021-08-27,-0.002584313136636293,-0.002726327184551713,0.0046319387064282505,-0.0064849747488635945,0.008489109969251556,0.0013833034776136316,-0.0005863095482570866,0.011207348451240742,0.0038326016751234543,0.010803898862930017,-0.014059389978682843,0.0076759897095805794
2021-09-03,0.015699028226304527,0.01388415580594532,0.017406972246332256,0.024246981807306812,0.010321912191269305,0.018602480925113053,0.034195169360588015,0.024810432310152057,0.012136556408345848,0.016133305813150138,0.005715017168451801,0.015128775967775418
2021-09-10,-0.04271977923120783,-0.05485585343923532,-0.05471287395512915,-0.04506025973193794,-0.04223578475132018,-0.04439943542836545,-0.026974732469860943,-0.04911074331794327,-0.03780542031530145,-0.04543516187111644,-0.03839937648996454,-0.023379403704405256
2021-09-17,0.01009058946851879,-0.026937391056680676,-0.030998907434518025,0.013742127076413594,0.009392492226601948,-0.07504083503104433,-0.07734861509203411,0.006533863011104985,0.0013621989762068834,-0.08128011404293023,0.004814932062009043,0.0016646693839198583
2021-09-24,-0.01291120060924893,-0.013373887232902714,-0.032485801757776156,-0.034361509418184215,-0.01929242182209511,-0.029018168992145897,-0.09828038059037776,-0.001080748796565651,-0.011746208632897074,-0.08747998943758858,-0.06286212995523756,-0.01352867213476219
2021-10-01,0.0007343766126885166,-0.0067474393298741124,-0.004056628234950829,0.014418009559821126,0.0020942389987707215,-0.019288227697109604,-0.040279558890382205,0.007651164725615671,0.016987286652449925,-0.005462291342838543,-0.05944417363800589,0.02102749107658516
2021-10-08,0.006687862750725134,0.004676734191693484,-0.0039551363566946995,0.004744673817733797,0.0008581974906628288,-0.000457562728507324,-0.00496414478330719,0.003743883349442017,0.006570351163207192,-0.010646766805492163,-0.020310860628424045,0.0065864629290745555
2021-10-15,0.0032275922830301606,-0.005465867474969288,-0.002467993284435931,-0.0143004649214814,-0.0018453360509554629,-0.0009560804103358139,0.0039442178861251904,-0.0006067023477545959,-0.010415781928766283,-0.006396995316939224,-0.007501906745290187,-0.009151630682443885
2021-10-22,-0.005309340327149064,-0.0162659772854924,-0.008198777443353934,-0.012789516585610927,-0.021109431094714016,-0.016674391693609215,-0.014799733931865774,-0.01315755240840797,-0.005722807634803652,-0.00031028010722193794,-0.01640848369579354,0.007902828822662928
2021-10-29,-0.010411087341477077,0.010215856474961071,-0.005435658385847499,0.010564930979299943,0.01081244446134814,-0.04655234904155705,0.007319378125116285,0.005786335768152319,0.04273961634438846,0.02323928296745722,-0.015022013218344805,-0.0032878258052010563
2021-11-05,0.018669295187081034,0.051775293469106455,0.019376513669143152,0.032195223607122035,0.028029739011437436,0.002409578559706054,-0.024163974863349518,0.019255141179320357,0.01838482242400246,-0.03221693013227778,0.009678339828781395,-0.005616038746424764
2021-11-12,-0.005747498286195956,-0.0066743157256413475,0.0014788241453830297,0.006109741610360465,0.0050663206966879825,-0.02464852058984522,0.010709768129396512,0.008079377816426007,-0.010713729222819284,-0.012636922797493854,-0.03279458586419357,-0.005017681688100611
2021-11-19,-0.0015229546164692665,-0.014803873380091283,-0.007661698102356719,-0.01578534726663181,0.0005963241023514225,-0.01043454701542592,-0.016642720947018023,-0.005702969670446268,-0.00925568538960912,-0.03603413474182521,-0.011684574688390941,-0.013370891165782273
2021-11-26,-0.015036355689643333,-0.0028147391313823283,-0.0022806320056092304,-0.0019621001736665374,-0.002244439308496064,0.011727555304538558,-0.0006122740627486206,-0.00199327172093881,0.005824858064879042,-0.015956383620920403,-0.021527622770639687,0.005539588632008654
2021-12-03,-0.003729440039125791,-0.014834501742138248,0.0019550530174730512,-0.00915636587261779,0.012299063314480002,0.012138150969365354,0.0148739826989088,0.015615144996790915,0.005187204076029092,-0.0006759771200473617,-0.007255674279170441,0.0018576033669250329
2021-12-10,0.00816727217327123,0.017384080283549975,0.02144231162936782,0.025640898562626652,0.005962152280289475,0.012256568912583143,0.0029617062324006284,0.017296760378465437,0.023722711990507298,0.012323704855216987,0.006497396218799981,-0.00017919866752233942
2021-12-17,-0.0201841970503914,-0.013762484936617515,-0.012691620129770117,0.021846753596167303,-0.018171837597978437,-0.024193150954982603,-0.009866322263367757,-0.03197136339104424,-0.004945441836999867,-0.029034886831522062,-0.010739844951681284,-0.006581733744830474
2021-12-24,0.003292937147340547,-0.015445040134704014,-0.013582790102659123,0.0076431387572345475,-0.008165123760744271,-0.018892177840026485,-0.014681439762720683,0.004423755611540032,0.015083196992353439,-0.01614389388664855,-0.004627049620080981,-0.00175222462739266
2021-12-31,0.014761474351447746,0.011333780122002783,0.011058983428415195,0.013910781536852629,-0.00033613862263340885,-0.01854949001051253,-0.012343764608442453,0.009605768702856685,-0.0003582389879064165,-0.00902034753688448,-0.0021390999255543283,0.0036433673726290485
2022-01-07,0.008164572905738039,0.024094428633149173,0.0008150471183017295,0.007606387732697855,-0.02694459925576805,0.0018083518198215313,-0.00689469791469058,0.011003892643361672,0.010230952992937328,0.00422087744859345,0.00020904812465605271,0.0032277863437471517
2022-01-14,0.01325243025755913,-0.009164617117018629,-0.02138487635502915,-0.006687650911830979,-0.02132247452616644,-0.04312796417361676,-0.022620070572855717,-0.010446805253123005,-0.003765608649623756,-0.01348432609469605,-0.0065675290785502495,-0.007951740286493755
2022-01-21,0.010803960574078585,-0.0013131474518229837,0.006516085774023987,0.006000189679331105,-0.014603765213076499,-0.024340660800900492,-0.0575793495671119,-0.002156163955410221,0.006676563832590987,-0.028364442015380326,-0.013862601526735793,-0.008110619022520022
2022-01-28,0.04093021275278469,0.04664001914541152,0.03989958210850653,0.0585431479276386,0.04390176428673718,0.028873752513424646,0.002635966964474691,0.018462015347616996,0.03025129790864572,0.023230113070465762,-0.010498832608220602,0.022320564329293534
2022-02-04,-0.0015275817887988575,-0.007294846174645613,-0.021300211302571037,0.005692024012108012,-0.013520340349779949,-0.013017506570828204,-0.012638645285235253,-0.023423038318103502,-0.016959569550121525,-0.0033330179593892436,-0.019721460104385802,-0.007042310084497174
2022-02-11,0.019146967848164637,0.005198007624296969,0.023457458330079364,0.033424286544284296,0.03695849646685485,0.011892981797636596,0.0032929368727919357,0.014022424471906316,0.02052949135598235,0.003630756190122518,0.04963668224577005,0.009777676940635423
2022-02-18,0.0016387087735953655,0.004740194910615333,-0.015275115148630633,-0.006711764057668204,-0.012355194588169202,0.011016153768954122,0.0063202714480756934,-0.005370200153347353,-0.0041790955696460515,-0.011843483321277302,-0.002624161237352776,-0.009094511615689804
2022-02-25,-0.0028814874121052348,-0.029016712512132555,-0.020495020242987303,-0.031229160469812736,-0.016355235926902283,-0.00425461795679737,-0.011093488025326455,-0.007811304645524465,-0.0027306504846836823,-0.009900506138259374,-0.017879583060081337,-0.01346452620260512
2022-03-04,0.006724183880124203,-0.01660296870934703,-0.021528393020319437,0.003685307524212591,-0.0032031402540797574,-0.02564922762338324,-0.011353557227315552,0.01502326896411975,-0.0001652965314723915,0.00017460403941415496,0.01105864823406547,-0.002958721052206851
2022-03-11,0.006033135983181125,0.0024802646288822534,-0.0016089963117309584,0.00794508232938688,0.0010092082611822865,-0.0037979169460351757,-0.02543190763320248,0.0015270964373872936,0.014961566266885887,-0.007904115581020285,0.011308253744474764,0.01792509911198716
2022-03-18,-0.03001941721278959,-0.004491070204811276,-0.0005123854302517463,0.00265620707838003,0.0057736298722002284,0.010888303045150293,0.002695576347372772,0.009916841922429464,-0.008037240041095116,0.01923729695272258,-0.00851596696422519,0.008036638109483641
2022-03-25,0.0043026947156575394,-0.02729642147373153,0.01212090038570404,-0.009545701583791366,0.008879571954515138,0.0174359868828943,0.014918210104495441,0.006689648305453721,0.039736321908757935,0.03296965388201451,0.02868548884629296,0.020424620041378416
2022-04-01,-0.0005807153263966055,-0.0014644536732764985,-0.02726058804687133,0.003073710457974546,-0.014415942861323352,-0.02713264206256261,0.009956983034581385,-0.008220605781218224,-0.017513519423171718,-0.007721507306184327,-0.03946805988901011,-0.0006925116799235121
2022-04-08,0.007000602854439068,-0.000981520619610947,-0.021864849769428846,-0.005177325161153912,0.005077008108061752,0.003517318675637148,-0.021762948225809438,0.003654913797027267,0.0014408810328635454,-0.02296177647424704,-0.004556536740983201,0.003621064963482489
2022-04-15,0.021297669970072913,0.026456362360621828,0.032366349365109785,0.009635199349737555,0.02068241739684601,0.019419688060273735,0.0061119645785756085,0.022788856778146377,0.010983710291041584,0.015931562253207614,-0.003808221138272727,-0.0016113351041584134
2022-04-22,-0.008620441642146108,-0.005036821966392676,-0.022715094356447075,-0.008943784832224496,-0.0015622076999919474,-0.0021814165668714016,-0.0030640678005139136,-0.012686176914008385,0.016792406364252076,0.002175521962846271,-0.007874541427810165,-0.008133404991875799
2022-04-29,-0.006570661154899759,-0.014577475926386672,-0.03455378277375399,-0.023932305725446777,-0.00826061703532222,-0.013896073815362607,-0.013546137725314614,0.0005150295660641458,-0.03808151681091507,-0.01069205161722804,-0.02479123239459739,-0.006366097921202926
2022-05-06,-0.0030848787940775976,0.01009269604961767,-0.00874413229796394,-0.015462672694869808,-0.0026864139266199087,-0.0006661036232068172,-0.018467258889229416,-0.003017925056605386,0.0009712889545054814,-0.02305922460649409,0.011660264475423688,0.008876075929457586
2022-05-13,-0.0036724966324984012,0.0074841322621193975,-0.011977503125240013,-0.002919877604653392,-0.009755297118620226,0.003784450755089707,-0.012428202455207033,0.002235724121813186,-0.014374506762268747,0.004696267010150234,-0.013950183120227194,-0.0012436371779361685
2022-05-20,-0.0047125282520531645,0.014355024423570228,0.024175126695510932,0.015928713102923583,0.0021381703289943686,0.01102244366107801,0.01211217880419973,0.025516880578605728,0.003957345006185088,0.012974702381233192,0.004914616132215581,0.012122409947106479
2022-05-27,0.028466027582337353,0.00010042793993632077,0.0029457028644073865,0.0006316973217083076,0.011047679668947282,-0.00833464968356179,0.005043595909726361,0.01699247124528857,0.01943417963863611,0.012860416960706302,0.004188519882488824,-0.005737316514096594
2022-06-03,0.003652258323073077,0.015609676566165097,0.012008618090291492,0.010863861579119529,0.010509175719878801,0.006273569122432942,-0.001168071496144787,0.010984151910306796,0.0024818477951063568,0.011855708613896248,0.012050557696715248,0.007942001860134466
2022-06-10,-0.0026825464038555996,-0.022494704434586895,-0.015552760261264504,-0.025548790689021914,-0.03180174321912845,-0.020674723118450263,-0.01041757172639137,-0.024318242837849557,-0.010691036226763552,-0.01565303437309377,-0.0032070518423157083,-0.03771678066137782
2022-06-17,0.0038636678342950023,0.0083273491266844,-0.019130101900260738,-0.003301878054039806,0.02801867808837077,-0.04862702792561739,-0.01552267079386008,0.007378730402554294,-0.006116471814520806,-0.019523155002082127,-0.008416663169812513,0.0013764404645278546
2022-06-24,-0.0003183225328150639,0.004221247957261717,0.0008302134990141683,-0.0023681046442029117,0.003754182532175689,-0.029401012820500026,-0.053755822097782235,-0.019814710374713117,-0.011576783589059827,-0.0521679983525188,-0.02210279158340666,-0.007607945349824674
2022-07-01,0.013151507270020086,0.013218645323284704,-0.012212071676915856,-0.013067638806058962,-0.014546053821918831,-0.021938745118377366,-0.023214314232988795,-0.016742135321672336,-0.011419370960471879,-0.03898024200016376,-0.05636138156985161,-0.018013312100311617
2022-07-08,-0.006801067661500095,-0.04156614237124845,-0.03378154597872973,-0.02234760630230774,-0.02644160117478662,-0.04006021286942155,-0.013261089257006978,-0.016575536975177017,-0.03722046199071528,-0.053851296981709276,-0.044652875953875994,-0.016287443086394654
2022-07-15,0.014454341504440716,0.004924492663838978,-0.016227955600805307,0.011243783908332744,-0.0032724200252973587,-0.040933259198725286,-0.04845926738018492,0.01739760832564893,0.014392234344241596,-0.0491299519222474,-0.0019865527312331855,0.017207788119535113
2022-07-22,-0.007375601856407955,-0.013310725486375548,-0.019987897757300893,-0.005194737409529286,-0.0024670102413298766,-0.02061932276416805,-0.03296041308873168,0.002560706564577986,-0.012835900407545224,-0.049041294567859,-0.032812237593034047,-0.010500661717642152
2022-07-29,0.019444243073640476,-0.0040035584077285505,0.0009028137903871261,-0.011827311141503224,0.009201760091445643,-0.00071550859254695,-0.03834898654221886,-0.005167208728295629,0.0059750683063200735,-0.028803855201341502,-0.012160196194159745,-0.0025594184065825293
2022-08-05,-0.00949292979117992,0.004084291121284069,-0.004197052401883831,-0.02524660008406722,-0.004916334344473153,0.00024206979006345485,-0.011530827818576103,0.003587425556448937,0.0011798481549269938,-0.004808231628880418,-0.023299969603085453,-0.007189796748903401
2022-08-12,-0.000987690877230642,0.011756429255927571,8.151056971319716e-05,-0.004395875865927209,0.017324505643630056,0.021438388156719224,0.011315438215864783,0.013739981432832902,-0.003853154078650912,-0.01566046617098364,0.01107599857665834,-0.003608328281518241
2022-08-19,-0.0073249738907633965,-0.008143078069800774,0.004723953743815341,-0.022584454784077654,-0.0015321286351282445,-0.0017974068753422389,0.0011286105994119566,-0.0007080468467311942,-0.011494644539685852,-0.007193025613675644,-0.005088647515735391,-0.0017257895691654042
2022-08-26,0.0005762356918534384,-0.00787135083095129,0.0040652391374502266,-0.017783490672982887,0.02604336367629457,0.006986833194571388,-0.010319945178749814,0.03212505103345662,0.006265297780213912,0.007607710444834605,0.001630573799990686,0.014883957679849109
2022-09-02,-0.006758270245759102,-0.003995763089872353,-0.023466842430799207,-0.014129498965965109,-0.003752591816425429,-0.016221644819173826,-0.01925011298799409,-0.012298101059086776,-0.0026829120444747867,-0.013826180138515488,-0.009533378045180065,-0.0018209567547724842
2022-09-09,-0.010433066973821134,-0.007492379816641116,-0.006933801413057486,-0.01919524246855724,0.004043665648719726,0.01437720546568708,-0.02090735750450777,-0.011229801729865008,-0.00440774597372828,0.005237105013683665,-0.010500832128943496,0.0011266424488587785
2022-09-16,-0.0034666164181143813,-0.0268364856851614,-0.003469131572833598,-0.022143135952127052,-0.014611876231087733,-0.012183485911443465,-0.006183056843797591,-0.01937799235203726,0.009858713434696995,-0.004710928736714735,-0.006687206902696908,-1.349789162494614e-05
2022-09-23,0.015706769813605134,0.01754956599582011,0.005828459223139428,0.0070903348556512315,3.728227884401561e-05,-0.010274695894942978,0.0006226275131138628,0.008186799226075566,0.007052713788602755,0.004025807197811188,0.00971316587511815,0.013216345877370224
2022-09-30,-0.011399565947344564,-0.0015128288327598102,-0.005833408420266997,-0.005986416057833296,-0.003814706056132271,-0.0134838125376901,-0.011482073623848623,-0.0019796081293070563,0.004651484933876699,-0.002916022797944296,-0.01110064193943931,0.007906730202970008
2022-10-07,0.005437945440884837,0.0171332052544937,0.027584598140905022,0.011636199092294143,-0.005202882487299941,0.0287383043227173,0.015544471647313287,0.004052883645094139,-0.005734772725351079,-0.01303315520314215,0.005460689032998425,-0.00799604575211743
2022-10-14,-0.015143015446075974,0.0018686859239782161,-0.008942820821654617,-0.014170782710752668,-0.01105740538548312,-0.006216857637896788,0.005215521234238245,0.0026118803480439964,-0.009831952788531955,-0.004341268172905149,-0.00917208958739716,0.002099449078570386
2022-10-21,-0.01381568683605943,-0.014414062665454374,-0.017120115284306365,0.01275542695698165,-0.009227210616921711,-0.010933770143013485,-0.007197381662762962,0.0001437198773079179,0.012260318970352414,-0.005571576352912571,-0.002623803887092757,0.0028886044584773693
2022-10-28,-0.018986979049303954,-0.01795934115329971,0.005514741608452079,-0.009818686006692527,0.00022962221857051712,-0.004870130273772313,-0.021161530249448217,-0.003112939179553832,-0.008991804499597673,-0.00016603455501422535,-0.00364736090718107,-0.012312346298427642
2022-11-04,-0.03319718075533058,-0.02519575482734742,-0.013372911561914962,-0.001697592860674817,0.005494038359927649,-0.011527165038864475,-0.0024914531496407605,-0.0034751663770079522,0.0014893060255508608,-0.005461899431148781,0.008790812550417488,-0.011647474716346095
2022-11-11,0.027188963562075244,-0.028751471817649102,-0.022194436887820433,0.014314040228321976,0.034463722455419434,-0.016714804252921964,-0.00837674494734993,-0.0021792359292700137,-0.0009244339501738773,-0.011413963754371453,0.0008849808487891183,-0.0024087629668821777
2022-11-18,-0.0020153444839718887,-0.025132828923722466,-0.03965579623014003,-0.020307727801248246,-0.02629790196988155,-0.04924051814702016,-0.03523976508414133,-0.023065598588289975,0.0006168757840920013,-0.01832577886804414,-0.01187731286169556,-0.012065092656051057
2022-11-25,-0.013456306549484357,-0.024403372740340486,-0.04737013283109889,-0.027687094570254867,-0.03525491330714883,-0.06122655474384661,-0.08144659704219236,-0.027062541534995623,-0.03258225324764057,-0.06278445193231338,-0.03776532235178619,-0.025820807038532095
2022-12-02,-0.032727362181397414,-0.019702328140639165,-0.023830281727146508,-0.040420125590603116,0.006511134820758001,-0.044228500348769996,-0.07785481326369276,-0.003422313302134787,0.0023792109229549365,-0.07162131511751621,-0.05089971944248087,0.02854640493522003
2022-12-09,-0.02494992439888325,-0.06582286310787339,-0.04186093380187521,-0.01097388884823075,-0.027676744742402375,-0.021112681211099313,-0.07540823250080378,-0.0084075887286103,-0.012006868198984307,-0.07690964841466813,-0.0887915032198718,-0.01559484956592264
2022-12-16,-0.012172268677963855,-0.01290034646892075,-0.04389430026499766,0.00717224392378453,0.012141313364253756,-0.057905124104722566,-0.029890401055149386,0.017859630782198255,-0.011807720168792578,0.010213072477339415,-0.039257042865024405,0.021200724032382535
2022-12-23,-0.042528018879488615,-0.03341570714881581,-0.04816511115488073,-0.0029649139972180733,-0.017089882904546022,-0.016056750338420092,-0.07628692173798823,-0.012547152756121916,-0.0028755802887257924,-0.04888069707733117,-0.024539683545207292,0.0003795213078420954
2022-12-30,0.013523321286900848,-0.021764229916874565,-0.04965376656260546,0.017279756741760573,-0.01506609988772469,-0.04568539019725104,-0.06678449872006455,-0.01550341288684281,0.027182183370459665,-0.0184537184573455,-0.02147807922914701,0.008053186753402363
2023-01-06,0.0035557949867651775,0.005667944578023084,-0.02577072467466958,0.015591836655627186,-0.0008408590628470581,-0.028385485142532967,-0.0611503216866402,-0.013464043837422092,-0.010902014194916092,-0.05514636771493987,-0.05472253045524031,-0.008892218900552052
2023-01-13,0.009291591720771946,0.007420289280853079,0.006018888101577538,0.0029396621420556077,0.0028515426223661875,0.0003064862003538996,-0.05061873236047309,0.0030261274637823606,0.013697562430618097,-0.004980275828377494,0.0390466926743725,0.023231287035557168
2023-01-20,-0.0059001514218662955,0.0050231831979245046,0.002183446933996633,0.0011076405251472092,0.004532702995802269,0.021498947658572697,-0.010963305895221265,0.00021584284423555456,0.0019918352945210533,0.002756079250057241,-0.03430545848207518,-0.0006527524305924937
2023-01-27,0.004789446832495202,0.0007055151130903323,-0.0029801494938259637,0.0006344447842672173,0.011096312729964919,0.0057062247961983045,0.008304094524543375,0.0052759727354341245,0.009589710470452,0.010932032677796692,0.004158815264223783,0.010862878924850316
2023-02-03,0.010263877648711318,0.027678278878705026,0.025467344459596874,0.04007808732470583,0.004541264359295112,0.04321955625328408,0.020146986407659724,0.01552396710753857,0.01815772430593222,-0.010955509718394275,0.032643623468454855,0.016166683292829363
2023-02-10,-0.004585851272191782,-0.012944539805590145,-0.02469596958965603,-0.013789347887899536,-0.015312065030639999,-0.034592785800696295,-0.0061469597813516,-0.01975328594181274,-0.027037979522351333,-0.02592328340456046,-0.011997220283684619,-0.012553966975621656
2023-02-17,-0.012236552706585855,-0.004663461098869683,-0.008621116637969604,-0.014903770265086802,-0.010889472413786015,-0.03789561491135436,-0.05722727067565541,-0.01387443525938409,-0.013200457571661441,-0.06986770143068999,-0.014677255040806077,-0.011735652302445037
2023-02-24,0.0034256424575751995,-0.01825568754748086,-0.011159394566942683,-0.019721682850773158,0.007914675490655295,0.0025345672289481024,-0.04059781967949057,-0.029578270415204694,-0.026208758860531048,-0.04992738660001576,-0.047369815494875366,-0.01837961441971865
2023-03-03,-0.005341041023102778,-0.002953738421120962,0.019867341596412135,0.00893354445622769,0.019060551671909617,0.0014467443232364999,-0.003257859051788304,0.010625847877024606,0.011158788098174392,-0.017856771808415467,-0.018873226937981578,0.0002254117311796288
2023-03-10,-0.015808119204618533,-0.007691172954706832,-0.015454675291685671,-0.017914930111564423,-0.0055089694371379125,-0.0040882362623670945,0.010095600956016096,-0.012314652615926456,-0.005943297003419616,-0.02184284226744221,-0.016905056736031078,-0.004070035144473118
2023-03-17,-0.000669447015047057,-0.005951382477475353,0.012474391126394417,0.0060181915886233965,0.012553468588987066,0.006823053698757741,-0.0031363389296807705,-0.0030890200771533597,0.007850865111899358,0.02025318692306395,0.0040633661145423805,0.042093276247581794
2023-03-24,-0.0024067963734088313,-0.012191555347705135,0.007083489086965261,0.005645041457627314,-0.042473832284687464,-0.008736917529295899,0.005661801007148228,-0.01948676732221017,-0.014809516861756779,-0.0023498342231294536,-0.012038960003130792,-0.01627529953850285
2023-03-31,0.02187952579418826,0.017907749316615637,0.008657220639853412,0.011662546569290416,-6.411637706091886e-05,-0.0424600020140357,-0.00042665917222854915,-0.0014745174251378618,-0.00020897059285240687,-0.0038010395188040986,0.0019467228110607799,-0.005119140933838998
2023-04-07,0.013008117966081461,0.012452855635250736,0.01454986104730379,0.010309902108663725,-0.0009613605184316628,-0.009257660702367422,-0.03879285981299749,0.0019904967744375887,-0.006416701404189239,-0.07146472670494222,-0.005332464913549841,-0.007175702140147417
2023-04-14,0.00755754774499774,0.01691250943231244,0.018458562843700163,0.01709941573677659,0.01473034180698814,0.010227223167892149,0.01725505221380662,0.016305654941761952,0.012428421342426414,8.884904785355706e-05,-0.016489242981390602,-0.009996697856033415
2023-04-21,-0.00759836883114518,-0.00328718589261281,-0.011526666430404281,-0.0095889245156416,0.020942158759661742,0.012773178860283046,0.005610007612304389,0.010460201324983324,-0.020594505586140052,-0.025101055231178622,-0.02125145923457181,-0.013060164557104724
2023-04-28,-0.01977595946538484,-0.0006200224478179863,-0.01251725582406183,-0.006193231871942926,-0.005820194954407656,-0.006153432475139865,-0.0049227740521259715,-0.004287816542126157,-0.00017735560952899924,-0.035054493867714955,-0.0030045238375117234,0.03185850316574332
2023-05-05,0.008145533598454695,-0.0063682951135769165,0.017222569327886055,0.016503343191837612,-0.0022985809971531814,-0.02626062775416168,0.00024428279609774173,0.013318539477343258,-0.00786743560893164,0.017483025750304835,0.033225859088535994,0.026416197844408566
2023-05-12,0.018115373756674314,0.022799187003880016,0.021525363284751346,0.0356025161327725,0.009677602952392943,0.014948565834798321,-0.008722414280195804,0.021462839957711182,0.01761081977021095,0.014598604579407691,0.023509311962711877,0.01749192634446161
2023-05-19,-0.003640654912091177,-0.02324641329019002,-0.013250284357023839,-0.021417860582062808,-0.007296527779793249,-0.010102538302352589,-0.023128543581022006,-0.006808742281436313,-0.009847934490351843,-0.01335625213175989,-0.026173745451401078,-0.013723649706301926
2023-05-26,0.008062746156422811,0.005155617064084095,-0.02455173657694628,-0.0002296234484869147,-0.028982280594525574,-0.03513058150013987,-0.023779555833872708,-0.01621245908328223,-0.012077047006208472,-0.026448460401871488,-0.03536518340714187,-0.001602570523001313
2023-06-02,-0.01623338680476243,-0.010558724381436634,-0.015730548319769798,-0.01823395014349857,0.005363815260697372,-0.024460831259191226,-0.05502141726221534,-0.0020815217651554163,0.00411777444469752,-0.018833533335491474,-0.00791745758518884,0.007024403254303659
2023-06-09,0.006376261196770072,-0.0019435673437243096,0.01904819233420948,0.012926148311075265,0.019167617256837167,0.008974514499936703,4.091608121758409e-05,0.005341241292837201,0.01930283807457065,0.008370653677691098,-0.030019103620454495,0.027863368596222758
2023-06-16,-0.020517907225832084,-0.007628321711239345,-0.017632458682599154,-0.026054056227774465,0.006942258809465042,-0.03869383946389596,-0.02039566134214734,-0.009922467812527702,0.012979510439387972,0.00190375791284431,-0.007059902411676373,0.003335052662049155
2023-06-23,-0.00011442206967115023,-0.0327848432852825,-0.03188450604248837,-0.013110328712351375,-0.004814128251640055,-0.011112634599506703,-0.05564463838897095,-0.007019435858362294,-0.014675518185156219,-0.030058503339288632,-0.023702355576394066,-0.004472235831046486
2023-06-30,-0.013798046298901537,-0.005703419926023366,-0.020492594669870426,-0.014353641398423753,-0.0035251652159553172,-0.040960333235341956,-0.03361100624363482,-0.0005728360473495271,-0.007235696461501855,-0.014017148689521784,-0.03734810488118549,-0.007604778284672733
2023-07-07,-0.001104416937116889,-0.00901777726349877,-0.001140313245215173,-0.0010035371111623025,0.006488104721914111,-0.005433351965094477,-0.04386767550447884,-0.004160572473519519,-0.006064989676276937,-0.024014578185123238,-0.022065949994171462,-0.018044114399978228
2023-07-14,-0.018231207625176056,-0.01766487024925894,-0.008813973812812412,-0.0006289906496749556,0.0013235237010719419,-0.002946302341628585,-0.0053782476550175455,-0.015557216404548668,-0.014926515026024805,0.01832585195557119,-0.026558031149831313,-0.0075132495108430255
2023-07-21,0.010178244582525933,0.007807041260192004,0.005416203050404711,0.007266914569122832,-0.010197440186883339,-0.0035775240059502927,-0.0036388562522563284,-0.013778549437399158,0.01546841863933633,-0.008792987595049094,0.022545696491003023,0.011085561687166175
2023-07-28,-0.0021796185109550005,-0.003321538485632875,-0.011517279217387348,0.011262905699735305,-0.009604194669773369,-0.00885123637135341,0.007597466218997564,-0.008910082194697432,0.001661790326269679,0.0048951793261452796,-0.030434195799013228,-0.020137944553266795
2023-08-04,-0.021700317972830962,-0.020243604910088427,-0.0009355499057938585,-0.004610422992706871,-0.022834853684728266,0.0038240936327706768,-0.006661886880202528,0.008385749902730853,-0.006210915468663077,-0.006745122238742233,-0.011470724233896484,0.03734103777944957
2023-08-11,-0.0037449679531329945,-0.01750888207890473,0.0019288575855802327,-0.004836352475233397,-0.0019697494097972983,-0.025329547657605856,-0.005449573433399053,0.0073460765949641725,0.006025336559141632,-0.00020066285121163525,0.001174583963947502,0.015961295398783312
2023-08-18,0.01339307616041721,0.00788719328039076,-0.001769625857830079,0.006971148864741947,-0.0010321407190477614,-0.0024668170392302645,-0.008288559884116177,-0.005744631927413867,-0.002735121757411631,-0.01510654875204876,0.0047696796580212605,-0.005917823078702365
2023-08-25,0.0028281112949527978,0.007506267358582588,-0.0018489584778498495,0.027369807452250428,0.004779102684912664,-0.0035115101883851346,0.00311966648612382,0.009096625315128067,-0.014217960602734059,-0.007780380905463935,0.005062245841223948,0.0019128125170927346
2023-09-01,-0.014962170513784496,0.00738857795777429,0.006025856345398078,0.0022755707264006126,0.005909384501183206,0.001806398152408181,0.02205649786245978,0.0014058618511224184,0.014074746440831896,0.00374067348719036,0.021995011353698756,0.009201930380242265
2023-09-08,-0.011890175026546742,-0.031766414282827074,-0.0338026888411717,-0.024691948163379496,-0.02628726002501692,-0.014951625305511765,-0.026475232683618028,-0.022206730928411276,-0.026059748375500763,-0.04147288502691953,-0.027115071787789134,-0.02055455965002596
2023-09-15,-0.012557332444386168,-0.03107012579749153,-0.02302124523531573,-0.009179684709393569,-0.007621807459679357,-0.048324769770845974,-0.04509268017816954,-0.001642476145283707,-0.002063550626290003,-0.002383173873214138,-0.016224194024811227,-0.002773628719308506
2023-09-22,-0.023213741330380996,-0.03927927939747233,-0.043092321366264896,-0.03212888300326625,0.0062231263586786404,-0.03491733873838709,-0.07396790096800633,-0.0091722638916352,-0.011790073575109741,-0.04930539278202951,-0.051021687219316936,-0.021923528490537907
2023-09-29,0.001158294457247928,-0.02141880282397615,-0.028210305505228964,0.006043881934303887,-0.004245555808183971,-0.025583194739900436,-0.09389134746792599,0.0010985471882311937,0.008601004498340989,-0.021159683462116347,-0.004190894128091323,0.005945623600079168
2023-10-06,0.008287313296393213,-0.020643876100960693,-0.017507921329068518,-1.3229812358329712e-05,-0.006540596372803097,-0.0316037548677144,-0.04838645948660261,-0.01587778378357934,-0.022908234930568577,-0.007326651788536628,-0.07697144796561421,0.00942745654607305
2023-10-13,0.004216577410750052,0.007495585183360187,-0.015113192438362063,0.0028353176414211974,0.019758013644325712,0.008175580580432332,-0.030547679719798083,0.014281406036270618,0.007513413881856779,-0.03674437776593317,-0.03815478074620834,0.0036357680101194913
2023-10-20,-0.006481938984158541,-0.010367826278027096,-0.00829044218530732,3.3559128250615784e-05,0.019263205114972523,0.006205446183515721,-0.027253050696361473,-0.015002442296866049,-0.006982290764568144,-0.008698340062513268,-0.025897152606388908,-0.002460252893525977
2023-10-27,0.027050819363065314,0.01228218217304239,0.012624336954109723,0.014175511401511291,0.014353521136537232,0.018961471666152984,0.008121211004673046,0.01194556774447366,0.004655859142017739,0.009652428206215369,-0.005756970516011184,0.007373420722029822
2023-11-03,-0.004868378131890415,0.005405673297031869,0.0023972443863959497,0.0008255215780275942,0.01565464274694691,-0.00812926675651101,-0.01599534127220224,-0.018575885926673343,0.029604991587872036,0.018035920328139454,0.01471156488549963,-0.0024058209519036595
2023-11-10,0.02332979319646107,0.029697550278066975,0.011997531380133474,0.010561830397968302,0.0076228102725629365,0.003826131409382986,0.010066458521410028,0.010398497789066064,0.044030646071468324,0.02915506967215885,0.006932277145947757,0.011276644752071349
2023-11-17,0.015359917917803365,0.029044844048390268,0.03002354006730041,0.022048741244302564,0.015086346630740178,0.015877101962475135,0.012863995569780013,0.006971719553906203,0.015461409229067592,0.01909998911028129,0.01775876262452925,0.0106368042377035
2023-11-24,-0.00015459571866490059,0.017256979932866956,-0.003365505961144107,0.013001997876586523,-0.01482523486478756,-0.03016032184476514,-0.004518532316285359,-0.004730601170856842,0.00021842338899985612,-0.0017280236170008143,-0.006140040894361683,-0.0007736483257849455
2023-12-01,0.018287737934077453,0.016199068737589785,0.010695742083646929,0.02276446570234567,0.010733370740822784,-0.019282226327811673,-0.025930516966371456,0.0008816173801915093,-0.00047880159118120626,-0.000373572904954364,0.005818101416778111,0.010542382830061163
2023-12-08,0.00941470227076623,0.009876702060381798,0.024851412358870267,0.015860705560738212,0.0011391178614594062,0.0037403390434012705,-0.01035960142113558,0.007030394139402837,0.008107811748995376,-0.0032290410950850555,0.013797067878350269,0.007942399820289537
2023-12-15,0.03138457061138213,0.00019212739492221347,-0.0012404037995422759,-0.011150548219922445,-0.0234347967472033,-0.027577107240582894,-0.003864870434255596,-0.009152090974018092,-0.0029065481049847133,-0.013348064879707047,-0.010291037075774305,0.0007529448171542976
